nombre,descripcion,duracion_minutos,nivel,capacidad_maxima,estado
Require Idea,Foreign good thing pay paper political case.,153,Avanzado,36,0
Activity Several,Mrs blood price give professor name citizen like authority hand address.,132,Intermedio,16,1
Into Thousand,Yeah risk power including TV institution friend.,103,Avanzado,15,1
Start Chair,Could cold huge such wall available while pressure trip security teach.,178,Avanzado,26,0
Push Growth,Green whose enter decide establish would allow.,132,Principiante,12,1
Drug Realize,Fight small own near we industry nothing their.,105,Principiante,37,1
Identify Area,Receive back decide sit style production statement hold party read use.,82,Principiante,48,1
Everyone Reflect,Include respond moment face how rest situation either during audience first.,122,Principiante,30,0
Civil Major,Least tough month method bank skill religious road theory tax method lose.,98,Avanzado,27,0
Anything Outside,Break arm help source evening hold tough city act.,147,Principiante,22,1
Pressure Enough,Ever allow human forget reduce spend light important practice year stage.,111,Intermedio,23,1
Education According,Market break bad likely factor event fire.,54,Avanzado,45,0
Thing Member,North light sign everybody travel may left arrive miss.,44,Intermedio,28,0
Fill Teach,Entire well hundred ability subject hand pattern choice song.,143,Intermedio,39,0
Sense Inside,Lay their ever relationship sure over clearly clearly quite suddenly reveal me rather.,144,Principiante,21,1
Candidate Vote,Author off admit politics each size land material she foreign foot product.,53,Intermedio,21,0
Argue Cell,Fly exist hundred those operation machine something Republican compare debate produce like.,39,Avanzado,12,1
Send Benefit,Seem away over again bill you knowledge serious.,136,Intermedio,34,0
Dinner Baby,Thus whole Republican professional coach officer boy know attention day future off soldier.,127,Intermedio,29,0
Responsibility Building,Student Congress oil should color board still evidence center world five player resource meeting.,88,Principiante,35,0
Evening Professional,History kitchen happen receive contain take never ahead job begin cold the list.,155,Avanzado,24,0
Piece Especially,Consider town gas rather agree up serve nearly black or know part compare weight south.,118,Avanzado,32,1
Role Drop,Attorney yeah along perform sell talk effect see able.,157,Avanzado,15,1
Young Effect,Least news I when plan wish learn rock development.,118,Avanzado,43,1
Try Recognize,Cut television environment result different budget maybe table can section yes raise.,92,Avanzado,24,0
Beautiful Style,Great middle Democrat shoulder recognize opportunity of worker.,129,Intermedio,17,0
Create Program,Front author century indeed magazine impact station commercial play explain you south position ground.,42,Principiante,14,0
By Second,Issue send decide others fund herself half point set those pass around energy finish.,43,Avanzado,30,0
Evidence Level,Rather through population perhaps wide join morning keep wait increase series section guy now.,100,Intermedio,39,0
Nature Worker,Establish reveal against hospital either difficult wife financial chair rest factor actually build see.,47,Avanzado,43,1
War Decade,Century through process fund agree other threat within need.,109,Principiante,28,1
Score Magazine,Owner believe garden instead bring score debate its pretty.,155,Avanzado,41,0
Well Data,Coach throughout cup give represent among mean into.,82,Avanzado,18,1
Bed Interest,Just early television top cultural such someone final move up especially education.,165,Avanzado,23,1
Situation Set,To baby take with strategy over staff red.,146,Avanzado,42,1
Rest Challenge,Environmental game back explain month better job either call customer.,157,Intermedio,50,1
Career Time,War oil employee walk alone song station.,146,Principiante,24,0
Wife Case,Federal citizen participant modern place current who whatever relationship.,138,Principiante,38,0
Pm Bring,Your state institution thousand win be just father total say herself resource also individual.,144,Avanzado,44,1
East Address,Rather thought what one light people character water crime member send.,180,Intermedio,50,0
Claim Society,Age outside professional fall power lay vote rest language book story character you professor.,79,Principiante,28,0
Lay News,Glass cell claim government avoid late present since happen eat significant.,161,Intermedio,17,0
Operation Cultural,Threat him nor effort first worker suffer.,108,Avanzado,32,0
Charge Add,Rather however knowledge level piece raise summer according major away visit.,30,Intermedio,14,0
Himself Everybody,Matter its more effect meet card moment time year.,120,Intermedio,20,0
Movie Back,Per heavy group training lot fine security spring cause kid yes culture ability surface.,95,Avanzado,50,1
College Next,Effect news factor our blood bank well democratic security big two sure air outside which.,140,Avanzado,24,0
Administration Under,President trial issue community rate hold in happy experience poor.,165,Avanzado,16,1
Wait Act,Treat walk bag event two direction material buy practice most dog.,100,Principiante,43,0
Answer Certain,Resource hold everything money particular house both lawyer commercial thought this boy above fly.,131,Principiante,42,0
Bit Mission,Trouble ball test pull against reality movement impact sit send daughter including like.,113,Avanzado,15,1
Seat Economic,Mother way special Mrs surface record help economy amount hand occur loss sister speech view.,38,Avanzado,38,0
Eat Forget,Lawyer week so change local suddenly difference though these would always claim.,115,Principiante,21,1
Everyone Front,Since high loss organization heavy wish range mean.,80,Intermedio,50,0
Television Federal,Teach one company project people age game sit state it identify out past her age way.,120,Intermedio,33,1
Detail Poor,Responsibility beat his it large suggest enough ten understand risk kid house mission choose father.,69,Intermedio,29,1
Card Beat,Sign great store offer capital low age system just Mr kid pick decade away for.,83,Intermedio,39,0
Per Large,Also cause property summer election outside serve you respond well store.,86,Principiante,30,0
Hard Head,Term ago coach million see want small thousand cup civil age win simply.,83,Intermedio,16,0
Anything Fund,Company president same data Congress great cold former.,176,Intermedio,29,1
Film Right,Conference dog scientist also still three card executive water argue spring beautiful memory live reach.,77,Avanzado,39,1
Parent Same,Never product indicate protect religious simply every suffer reach clearly prove should feeling door small.,104,Intermedio,29,0
Option Go,Step together person perform forward exist consumer nearly.,64,Intermedio,42,0
Head Mean,Late part here bag be turn board guy sing high race.,142,Principiante,45,1
Trade Second,Ball impact discover walk last production room while nearly know how view.,59,Principiante,43,0
Position Message,Suddenly player food run meet very her from out.,31,Intermedio,39,0
Mrs Any,Tv him amount last charge simple left knowledge room event source meeting able oil culture treat.,151,Principiante,40,0
Could Leader,Wall clear each huge because none movement hold work president fast new arrive lot.,72,Principiante,31,0
Chance Despite,Blue social one enter family what thus.,84,Principiante,39,0
Left Cover,Century at nice his good purpose already.,135,Principiante,22,0
Management Way,Important parent specific discuss little yes century.,30,Intermedio,49,0
Lay Fall,Mission quickly rule keep campaign they major.,83,Principiante,32,1
Seven Deep,Yourself action ability group writer down white miss seven notice opportunity.,89,Avanzado,24,0
Wife Heart,Course middle tell give Mrs true ten white firm little various plant heavy.,105,Intermedio,45,1
Ball Smile,Good into hundred pull discussion seek size consider fire our campaign step.,116,Principiante,21,1
Fight Place,Ten edge prove west although time send recently cultural push wide dream travel discussion.,109,Intermedio,16,0
Table Including,Worry believe figure far late reason no alone land else idea dream suddenly movie.,114,Avanzado,43,1
Follow Floor,Try right hold government experience reveal city language city interesting fear off.,148,Avanzado,21,0
Difficult Similar,Ball national all turn become city marriage.,178,Avanzado,38,1
Act Develop,Book win effect number black word vote color show exactly.,121,Avanzado,39,0
Discussion Spring,Over work at character a claim late resource alone generation set technology such likely.,146,Avanzado,46,1
Training Participant,Exactly need thing his impact might major focus whose environmental no recent black join prove.,71,Principiante,47,0
Threat Available,Month nice audience out party charge teacher themselves.,53,Avanzado,18,1
Just Near,Another matter blood too month entire finally together hit always human happen prove interesting voice.,99,Principiante,41,0
Writer Tend,Lay treatment sit candidate next short health professor join way research house fast.,89,Intermedio,32,1
Sea Herself,Pay half ahead test now law serious reveal design sure fact third serve next like.,65,Avanzado,33,0
Today Southern,Dream talk argue say represent catch military item hear.,142,Intermedio,33,0
Interview Great,Data memory team reality hair military sell fine into design professional budget two yard think attention.,99,Intermedio,22,0
Level Father,Born ball recent describe happen wife expect city her.,56,Intermedio,48,0
Action Learn,Along minute white Republican former campaign population card reach defense season at.,139,Intermedio,27,1
Government There,Laugh example spend whom week where detail against collection mouth for effect case generation really west.,53,Principiante,25,0
Color Son,Meet bank owner remember look financial travel wear society card economic.,125,Intermedio,22,0
Do Hard,Into condition because require lose food loss catch since thing decide build teacher.,38,Principiante,29,1
Be Tax,Administration test fact interview community almost security already school now room else boy teacher decision.,76,Avanzado,17,1
Language Government,Student baby law heavy amount lose dinner body ground.,105,Intermedio,21,0
Likely Laugh,Move shake boy head though late production sense fear morning.,171,Intermedio,47,1
True Former,Garden recognize tax suggest board where until ten produce clearly company where reason condition single.,174,Principiante,41,0
Kind Artist,Institution act yeah development nice character into also movie past wife.,115,Intermedio,12,0
Environment Be,Current conference about head world option election than student room race present cold.,71,Principiante,24,1
They Marriage,Feel research recently improve democratic school probably live quality candidate identify base TV against ground check.,90,Avanzado,21,0
Structure Something,Event until security be customer song culture care card its push company real light answer.,116,Avanzado,50,0
Find Not,Police both interest prove maybe action always.,100,Intermedio,22,0
Source Budget,Human fight during former hospital police although nature you best respond effect customer.,71,Avanzado,20,0
My Very,Health management wide which mission morning child simple approach red region be beat kind popular.,85,Intermedio,29,1
Candidate Sometimes,His opportunity realize half help build from what successful.,179,Principiante,30,0
Particularly Term,As case guess marriage if radio manager often realize none movement.,173,Intermedio,42,0
Somebody Say,Left table may wide within not plan at oil.,65,Avanzado,33,1
Still Civil,Goal meeting focus lead compare open nor.,45,Principiante,17,0
Air Try,Adult commercial wind third news strategy first soldier positive himself current stage positive although argue.,114,Principiante,14,1
It Left,Including road prove finally friend table one more including discover audience case bring wrong audience.,67,Intermedio,38,0
Painting Drug,Part cell represent he each until whose spend back picture too pass carry dog population.,62,Avanzado,32,1
Just Strategy,Question like morning account cut military upon authority interview particular.,45,Principiante,17,0
Congress Often,Part able Mrs cup gun reason everything different standard account green.,161,Principiante,11,1
Under Country,Individual involve city until school reach agency back reduce help purpose.,155,Intermedio,39,0
Cut Here,Fly provide either power step travel everyone thank region sell member return war line.,111,Avanzado,12,0
Leave Institution,Speech work last case show allow question point happy professor among station pretty.,46,Principiante,29,1
Page Peace,In several including plant anything course short to finish middle check something.,139,Principiante,40,1
On Wife,Agreement everything create speech which next administration a.,64,Principiante,32,0
Spend Society,Clearly bag recent almost relationship morning western.,140,Avanzado,31,0
Method Pull,Especially region year this hair arrive meet too fight forward why wrong lawyer high employee.,76,Avanzado,48,0
Clear Professional,Serve room you these project away today small itself worry easy must source gas consumer own.,108,Principiante,12,1
Friend Form,Join home nothing safe opportunity about figure run life from pull window team on instead.,155,Avanzado,46,0
Rise Never,Data best child tonight save decide both help myself smile something.,168,Intermedio,25,0
Number Local,Specific hold cold seat purpose employee then shoulder.,70,Intermedio,32,1
Out Section,Cover money road individual watch news think often however note low walk reduce young one.,143,Principiante,35,0
Strategy Stage,Away difficult religious pretty smile black record early finish but free daughter girl program exactly.,62,Principiante,44,1
Position Structure,Order trade star fast show same matter appear tax grow human.,163,Intermedio,31,1
Want Section,Reflect mission big himself young science thank performance capital let two almost tough enter beat herself.,167,Intermedio,23,1
Career Carry,Discuss have yeah five trade as suffer late seven read week trade indicate computer.,148,Avanzado,37,0
Treatment Sport,You along candidate better deep consumer social source tend.,149,Avanzado,45,1
Course Main,Health population heavy officer way book huge vote interest step particularly out southern would us.,165,Principiante,10,0
Sport Itself,Give economic rate similar rock light lose short.,105,Principiante,23,1
Moment Lose,Debate wear hit thank fast quite like.,141,Intermedio,20,0
Huge Market,Nature serious give up attorney local save art usually set field surface little.,89,Intermedio,35,0
Nice Top,East image see partner letter call total a there with party shake agree information book where.,177,Intermedio,42,0
Hard Him,We free much simple edge else forget that there who agent hold product common usually recently.,120,Avanzado,41,1
Series Current,Time beat upon song traditional interesting learn voice foot.,152,Avanzado,42,0
What Ball,Herself change situation consider body theory note whether.,163,Avanzado,48,1
Table Report,Parent develop positive avoid evidence up this yet part throw ball start computer seven.,134,Avanzado,41,0
Your Environment,Trade themselves can rest reach however fight professional relate decide friend top mean plan trip.,68,Intermedio,15,0
Whom Suggest,Kid who commercial radio same call author sense direction where option look significant.,117,Principiante,35,1
Way Discuss,Crime after theory difficult media item especially magazine.,52,Avanzado,23,1
Find Painting,Suddenly degree decision art try hotel mouth movie pick example value.,89,Principiante,19,1
Blood Second,Hot central long mean receive special vote population maybe word.,149,Principiante,47,0
Politics Rather,Contain fear organization he friend career something imagine after actually teach end.,40,Avanzado,27,1
According Appear,Describe peace everybody mouth standard material manager pull end ten shake toward face.,150,Intermedio,46,0
Environmental Its,Environment tax continue never may during word get.,150,Principiante,12,1
Institution Center,Market up behind its down item south news at lawyer.,70,Avanzado,48,0
Again Film,Social particular high check perform reveal source should respond performance stop shoulder left.,106,Principiante,10,1
Discussion Middle,Apply size opportunity choice contain economic impact detail agency interview white town enter respond.,102,Principiante,19,1
Speech Break,Better real practice century direction we team light few child black tell not.,49,Principiante,10,1
Season Catch,Base ago operation west campaign building worry type quality organization well tree local.,141,Avanzado,24,0
Under Population,Series watch building energy investment leader green.,121,Intermedio,37,1
In Style,Sign think because cut data how later fall major pressure food.,120,Principiante,30,0
Pretty Model,Kind democratic phone already today total thing.,110,Avanzado,31,0
Seem Author,Avoid work apply firm total professor actually election.,138,Intermedio,48,1
Send Leave,Together number heart threat present month dinner majority fly page.,44,Principiante,27,0
Cut Right,Group discuss central buy draw economic during seem condition team impact son heavy surface same medical.,104,Principiante,43,0
Successful Hour,With out style some debate positive production during series camera political role law term drive.,90,Avanzado,38,0
Few Positive,Nothing pick care out bill someone seek score order box today plan power might green political.,127,Avanzado,11,0
Phone Charge,Fast way so scene nearly individual per hot you statement month.,94,Intermedio,32,1
Tonight Purpose,Whole than argue when last event sing a other subject build number travel once avoid travel.,179,Intermedio,12,0
Subject Weight,Successful last get stop voice war front of detail.,128,Principiante,29,1
Nearly Face,Summer must stop national give imagine fine.,119,Avanzado,41,0
Professor Interview,Color movie teacher story cut report indicate bit see well safe your song.,176,Principiante,47,1
Land Deal,Possible international product system west often environmental serious even never peace fire leg health.,134,Avanzado,23,1
Long Minute,Thought her beat sign road one weight well nearly high mouth open exist space across.,74,Avanzado,10,1
Remember Top,Deep at might certainly design management of card military moment health responsibility window technology.,65,Avanzado,25,1
Put Reach,East ability strong safe reveal teacher research economic this crime sport song truth.,94,Intermedio,19,0
Goal Look,Almost those method hair entire value best sign red high.,53,Intermedio,47,1
Budget Name,Art condition Congress there main cover customer could fire compare task main.,111,Avanzado,20,0
Answer Machine,Fund story party term step exist herself list turn keep close wide notice training serve.,59,Intermedio,47,0
Mrs Out,Pm likely bill serious church happen should any natural population certain hospital training decision worker direction.,103,Intermedio,39,1
Mrs Leader,Relationship poor expert same behind nothing anything interview growth century rest reveal.,97,Intermedio,20,1
Individual Stuff,New consider action gun party return together opportunity computer charge.,135,Intermedio,36,0
Analysis Chair,Parent then identify tree lay candidate peace each simple source oil six cup.,112,Avanzado,25,1
Behind May,College so beat less state country culture part probably television friend behind huge rock enter lead.,144,Principiante,28,0
Front Fight,Occur fish type parent picture result it picture market.,75,Intermedio,17,1
Person Idea,More meeting thought under boy upon test record front painting Congress another in enter understand result.,128,Avanzado,10,0
Indeed Would,Administration which large field wall thank company arrive five.,86,Avanzado,39,1
Chance Drug,Impact idea number stock north economic trip true leader year head senior person here partner.,154,Intermedio,47,1
Court Meeting,Some start people born adult own positive pass learn.,99,Principiante,37,0
Analysis Arrive,Wrong bit side series really all front bad guess next during yourself staff training under.,134,Principiante,33,0
Standard Knowledge,Civil specific drop example fight according she entire and eight listen.,59,Avanzado,17,0
Network Billion,Herself room writer establish low response road including sign and letter recently camera.,108,Avanzado,25,1
Back Put,Deep agent compare author run test bed quickly sit skill church yourself like heavy lay.,117,Intermedio,38,1
Night Wall,Civil century number start cold woman understand board huge per manage those official.,76,Intermedio,26,1
National Audience,Skin security skin onto fill performance keep mother right.,177,Avanzado,38,0
Vote Provide,Difficult natural number agreement experience project call according since everyone.,117,Principiante,39,0
Somebody Husband,Gas parent history over other build morning professor method its enjoy usually.,134,Principiante,24,1
Term Relationship,Dark degree hair guess authority themselves board return society director.,112,Intermedio,37,1
Never Past,We middle page radio stuff defense successful.,39,Avanzado,18,0
Remain New,Feel allow enough against likely paper performance main population thus argue shake itself manager above.,78,Intermedio,43,1
Service Rich,Seven product example issue add instead some couple specific.,117,Intermedio,34,0
Always Recent,Claim support west use simply unit role those.,53,Intermedio,37,1
Job Approach,Ground culture about night week wrong item attention player indeed material father space head.,131,Avanzado,47,1
Act Do,Make agency almost director avoid spring whose magazine into sound.,157,Avanzado,12,0
Into One,Of system why six attorney pull knowledge central fish rise responsibility middle.,76,Avanzado,44,1
Thought Still,Hold sure wide half without too body these year imagine approach talk deep baby begin.,167,Avanzado,12,0
Hospital Democrat,Buy market type record because generation almost west military section fly including civil science language TV.,68,Intermedio,26,1
Usually Operation,Sort bar bag benefit sport hear group note game drop Congress age mention or.,142,Intermedio,23,1
Federal Machine,Marriage enter someone story cost field project.,157,Avanzado,37,1
Plan Member,Save just his ever send line draw thousand middle where view sea.,118,Principiante,21,1
Everyone Father,New popular door street marriage however hotel discuss large still allow.,180,Intermedio,31,1
Service Although,Ball prepare clearly yourself ever seem last consider process article office if.,175,Principiante,29,0
Man Else,Customer woman right everything strategy fill fund whole weight.,142,Principiante,34,1
Nature Threat,Account decide physical threat fund image who rule reason.,148,Avanzado,13,0
Financial Brother,Visit toward ability there finish member push between building the scientist cold month eat teacher.,124,Principiante,28,0
Threat Also,Son lot soldier question industry course lose manage.,149,Principiante,28,0
Student Group,Machine pick just senior commercial night city we accept smile her bag her.,43,Intermedio,15,0
From Central,Their air thus hot score method maintain product amount require bill today coach perhaps computer among.,68,Intermedio,39,0
Here Energy,Some oil design fly share anything memory people today.,135,Avanzado,40,1
There Prepare,Sell daughter far important town rule pattern trial save in relationship serious company use.,158,Principiante,14,0
Than Meet,Bank pull capital customer mention myself modern.,118,Avanzado,50,0
Why Skin,Argue condition approach be particular else loss work more environment entire remain.,62,Intermedio,50,0
Many Personal,War send here mean move fill indeed ball discussion TV accept.,128,Avanzado,33,1
Office Need,You community interesting state father low state full federal hold option former now manage remember.,153,Intermedio,25,0
Keep Young,Follow often staff front tend me some us garden position buy take.,76,Principiante,24,0
Under Avoid,Young save evidence court together media kind case skin adult many community.,122,Avanzado,41,1
Reality Road,Affect art manager traditional hospital which side soldier yeah occur travel girl information.,61,Avanzado,44,0
Could Congress,Between in indicate respond this body product represent someone enough store fish.,79,Intermedio,42,0
Project Tend,Sell assume professional week action PM study sort community remember white.,140,Principiante,48,0
Wife Claim,Expert hear week continue here everyone security hear wide plan both debate better parent.,111,Intermedio,26,1
Fact Start,Wall become there special job determine institution out industry public gas live throw you account born.,123,Principiante,30,1
Business Choose,Visit also hotel visit purpose read building building eat discussion.,33,Intermedio,15,1
Society Factor,Type garden drop size series society enough join finally fly change.,146,Principiante,46,0
What Weight,Strategy color project lot art on remain there media image professor.,157,Intermedio,47,0
Listen Strong,Strategy truth movement later decade majority suddenly what fire.,33,Intermedio,19,1
Animal First,Major room figure message evidence break in name half though mention director happy hard.,120,Principiante,21,0
Cost Lead,Benefit paper space attorney system system what hospital down from thought commercial interest.,165,Principiante,20,0
Difference Exist,Picture bring statement a soon among begin.,39,Intermedio,19,1
Rise International,Very good southern maybe whatever agreement question way.,51,Intermedio,13,1
Over Loss,Walk quite ahead you painting although kind teacher debate decade above her.,74,Avanzado,22,1
Strong Write,Could spend break bar strong party road item try.,139,Intermedio,30,0
Red Full,Term family property tonight free together rate every whatever work claim book.,55,Principiante,18,1
Task Onto,Answer scene for beyond admit security camera best cut.,122,Avanzado,16,1
Street Debate,Crime product dog return pass up meeting threat poor spend kid.,130,Avanzado,15,1
Right Paper,Music provide organization upon store security book.,75,Principiante,38,1
Voice Interest,Forget night task success head north within field our.,73,Principiante,38,0
Season Over,Positive quickly much brother lawyer perhaps already style near.,49,Principiante,28,0
Modern Across,First claim serious color soldier suddenly his politics should should performance until collection door.,153,Principiante,24,0
Trouble Trouble,As ever beyond political environment hair rich kid charge year.,151,Intermedio,19,0
White Lawyer,Grow expect station actually interesting account Congress wait power little professional defense moment participant.,94,Avanzado,32,1
Only Miss,Seek kind subject five effect whether decision thousand available.,176,Avanzado,16,0
Soon Specific,Newspaper idea compare tax light finish computer activity century system never action.,113,Intermedio,30,0
Manage Look,Out law everything time industry from author reduce.,90,Principiante,37,1
Firm Similar,Value important near fast miss factor world daughter protect vote hour father.,52,Principiante,16,0
Under President,Ground picture deep very enjoy several process wind enough yard son thus begin final when.,112,Intermedio,47,0
Understand Home,Nice by all grow picture space prevent assume kid energy light thus operation sister.,114,Avanzado,13,1
Sometimes Animal,Stand bank ok respond change campaign number success lead language minute.,115,Avanzado,10,0
Where Able,Where visit president itself mouth letter skin community me trade when much.,69,Principiante,28,0
Sometimes War,Age likely seat build source federal culture director.,106,Intermedio,42,0
Parent Change,Likely decade easy myself significant able future soldier pretty.,160,Intermedio,24,1
Big Admit,Important individual Mr real woman smile field age throughout outside actually difficult.,58,Intermedio,28,1
Whose Appear,Structure increase yard list travel newspaper sit newspaper probably safe movie opportunity production language.,85,Intermedio,43,0
Week Recently,Over fish common since miss main any occur experience.,108,Intermedio,32,1
Case Later,Girl positive ten tax actually police chance mission good other agree movie condition relationship.,151,Principiante,27,1
Born Part,Station eat life role trouble hot any voice drug rock today save tell political generation TV.,84,Principiante,13,1
Conference Administration,Force court article type executive when use later.,65,Principiante,21,1
Standard Point,Move wind change community manage deal him challenge receive consider.,49,Intermedio,37,0
Factor Plan,Democrat Democrat culture commercial base whose make.,163,Principiante,30,0
Pressure Once,Science blood hit customer result teacher rule task tax though year already deal subject could not.,162,Intermedio,28,1
Cold Pull,Those question today half side part degree.,134,Intermedio,20,0
Wonder Position,Data blood happen guess sure everyone where better wife owner.,159,Principiante,22,1
Sport Bank,Street position half Democrat reality eat return special speech personal next pull memory key challenge quality.,66,Avanzado,44,1
Away Sit,Pick find worry old I already indicate well another event discuss throughout.,74,Principiante,23,1
Cover Only,Should no certain care pattern take ahead glass place nothing manage billion watch strategy.,30,Intermedio,40,1
Market Participant,More often wife relate huge every about exactly late any price people.,148,Intermedio,31,1
Majority Question,Doctor involve run color eat task herself lead son successful.,58,Principiante,44,1
Include Arm,Read country artist audience establish how probably always action glass everyone outside.,168,Intermedio,39,0
Life Happy,Teach campaign great security identify television wrong possible.,75,Avanzado,40,0
Country Rule,Ahead drop I executive back read remain century me outside price anything accept rule tell.,102,Avanzado,30,1
Interest Hot,War turn employee identify member public them clearly scientist include surface necessary else.,147,Principiante,39,1
For Father,Water technology born traditional hold himself unit card describe from southern doctor.,42,Principiante,11,1
Thank Work,Mother before if third beyond and certain.,100,Intermedio,21,0
Use Describe,Own economy out produce beautiful boy yet.,62,Intermedio,15,1
Hospital Learn,Option visit base admit care beautiful population response building long hospital.,108,Intermedio,43,1
Hair Low,For like half tell hit age special where.,144,Principiante,26,1
Grow Tell,Brother education answer explain note owner analysis number note themselves like there investment past professional any.,175,Avanzado,18,1
Guess Minute,Add new news real office director thank care provide capital.,178,Principiante,28,1
Wrong Dark,Most way wrong approach set huge majority assume leg price quickly development fire.,123,Principiante,38,1
Eye Serve,Capital can son manager card trade all street third agree control official college growth science.,155,Intermedio,19,0
School Each,Section heart next back his huge others father operation have few carry she morning effort me.,118,Principiante,33,0
See Lay,Miss service me leader art election history from.,47,Avanzado,40,1
Apply Tend,Population company loss floor away amount it community political care style history seek.,168,Intermedio,19,1
Detail Walk,Money fire some act whether which board nearly Democrat just paper behind.,91,Intermedio,44,0
Great Purpose,Listen cell friend reach quickly institution develop attack.,76,Avanzado,33,0
Race Turn,Plant last year middle into me model fill join Republican price must health.,66,Intermedio,41,0
Where Tend,Travel purpose leader important third share hot him would person stand she so all peace guess.,77,Avanzado,20,0
Paper Rate,There television detail pick know not leave fear structure himself claim indicate why international scientist.,122,Intermedio,15,0
Nation Your,Treatment reach sense across act song box too.,159,Avanzado,49,0
Movie Why,Live full discussion free wrong election agree society economy policy scientist system.,116,Intermedio,11,1
Any Idea,Bring hotel director where safe product floor Mr network family account put any west without.,90,Avanzado,32,1
Quickly Major,Become human good little former two manage a crime she put cause enter radio.,66,Principiante,23,0
Set News,Painting your cover those agent person radio town necessary.,166,Avanzado,30,0
Particularly Next,Understand attack later start teacher seat little tree energy senior someone not light.,178,Avanzado,45,0
Customer Important,Rock world president want share anyone score.,67,Principiante,40,1
Official Nature,Chair agreement open trial campaign night customer deal ok join player send.,33,Intermedio,17,0
Particular Beautiful,Then through crime huge military only subject.,176,Principiante,27,1
Scene Edge,See civil doctor meet live early buy.,63,Principiante,11,0
Simply Magazine,Culture toward another physical film chance nearly head any court may life easy.,113,Avanzado,23,0
Now Subject,Into care somebody here become the color enter start never name.,109,Principiante,33,1
Also Generation,Soldier southern expert thank chair idea way minute.,123,Avanzado,13,1
Enough Today,Simple wrong prepare protect catch nature sister fall indicate again she position class reach describe.,133,Intermedio,15,1
Next Mouth,Safe notice half policy bill effort suggest though.,165,Intermedio,48,0
Perform Follow,Series participant whose action benefit provide arrive part total rise as white strategy.,56,Principiante,46,0
Board Record,Walk field fill action information baby add modern pretty none term then sense somebody ability decision.,122,Principiante,18,1
So Type,Green put design especially hospital call role son hair last edge heart light develop appear.,175,Intermedio,15,0
Space Well,Recent Republican between stage article we mean need above despite affect enough future new.,71,Principiante,22,1
Throw Way,Community animal old full close wide language be sport western campaign laugh test nice loss.,87,Intermedio,15,0
Both Yes,Education experience same situation one choose his.,118,Principiante,13,1
Hope Father,American could law they speech foot if go decision movie thank.,145,Avanzado,45,1
View Medical,Visit herself range customer notice majority TV himself respond.,81,Intermedio,38,0
Choice Grow,Street tend decision hair several however marriage second say style avoid mouth use hand once.,46,Intermedio,23,1
Rather Reflect,Resource reach financial resource picture visit few writer though particular.,42,Intermedio,16,1
Hit Contain,Strong who bag north decide collection own.,90,Principiante,12,0
Size Exactly,Civil bed man through and well listen huge.,147,Intermedio,19,1
Road Back,Easy maybe pretty management forward decade near order play yard religious wonder available.,131,Avanzado,34,0
Believe Important,School live deal key include top fine write quality threat.,178,Intermedio,15,0
Family Either,Manage popular every condition long country list woman must those range should us model.,161,Avanzado,42,0
Official Hope,Newspaper area over picture large sport simple deep woman make seek include organization.,114,Principiante,12,1
Explain Their,Nothing behind defense action nation director record address short night possible main.,155,Avanzado,15,0
Above Crime,Kitchen explain them few may step stock several generation difference out stand close technology much determine.,118,Principiante,47,1
Believe Him,Probably answer possible population set nothing animal last plan through lose report left piece.,125,Principiante,38,1
Mother Professional,Road trial light audience former medical see common partner shake action low lot American sure.,63,Principiante,35,1
Serious Between,Without to heart science tax himself ago way soon short pick sing Republican threat.,126,Intermedio,49,0
Thank Later,Prove federal if marriage security own growth scientist.,94,Principiante,11,0
Part Subject,Nation though around action region score add reach might four who interview environment.,45,Intermedio,15,1
Individual Play,Again order language she democratic building approach space behavior.,162,Principiante,36,1
Best Friend,Station before really which among offer read international.,129,Avanzado,42,0
Quite Paper,Line left home debate statement rich ask example student idea likely model too finally study.,48,Principiante,44,1
Will Rise,Painting interview hospital approach letter data activity popular machine.,58,Principiante,31,1
Authority Nation,Official receive scene raise blue to dream same lay everybody movie mention.,134,Intermedio,12,1
Meeting Eight,Choose unit service up tax pay agreement where whatever seat hit.,53,Avanzado,45,0
Us Much,More model star toward bring dog so peace indeed.,70,Avanzado,42,0
Message Full,Interview hour say because peace white military along role home care husband tend strong.,36,Avanzado,29,0
Necessary Accept,Response listen defense situation hit contain feeling daughter its community street.,61,Intermedio,15,1
Local Case,Republican economic follow might approach program rise local.,34,Intermedio,15,0
Move Tell,Moment senior training new fast indeed position stock home pull somebody.,133,Intermedio,42,1
Hard Help,Game card even agent physical front tell better actually range he degree act natural think.,153,Avanzado,31,0
Heart Degree,Meeting argue weight take energy record hotel east.,84,Avanzado,38,0
Garden Prepare,Reflect oil away around support miss interview early total approach new.,126,Intermedio,38,1
Show Street,Lose space course situation peace later hear.,58,Avanzado,34,1
Traditional Might,Consider author structure teach chair marriage bag mean serve teacher somebody.,75,Avanzado,50,1
Wall Without,Each during check another design realize lay color carry grow win.,85,Principiante,45,0
During Follow,Study office crime stuff crime can past apply easy million suffer style either.,74,Intermedio,10,0
Difference Partner,Think gas political adult different third strong customer check cost success suddenly voice behavior share.,63,Intermedio,16,0
Fall Onto,This forward medical himself pick student clear operation common reflect more modern.,151,Intermedio,31,0
Thousand Open,Recent least character kind pass inside time grow.,123,Avanzado,10,0
Check High,Always question cold outside edge food stuff alone buy little by create thing together blood very.,90,Principiante,26,0
Add Include,Speech relationship manager some wrong manage participant without.,116,Avanzado,18,1
Far Song,Life knowledge against end benefit nature dream town of admit risk carry four PM.,167,Intermedio,24,0
Bit Politics,Police indicate physical government score beautiful door result artist car hair bag can economy.,152,Principiante,15,0
See A,Today sea cut grow star drug perhaps dinner join fish use seek.,99,Avanzado,11,1
Tend Force,Common how wrong gun court expert song trial almost already.,90,Principiante,35,0
Prepare Middle,Police benefit anything walk eight teach character vote image more interview establish.,55,Principiante,42,1
Charge Over,Clear wear hotel Mr someone challenge fire yard toward story always already.,123,Avanzado,34,0
Husband Quite,Building early fact participant college step mention player.,125,Intermedio,29,0
Season Lot,Analysis sport half tough mission believe summer fight involve.,161,Avanzado,50,1
Long Conference,Star left care kid research build yeah medical community could property method difference.,37,Intermedio,41,1
Turn Wind,Society card fill view father stage somebody share room speech throw these once item send ball.,127,Intermedio,38,1
Player Effect,Its attention pay meet traditional station home space difficult will.,97,Intermedio,46,1
Receive Show,Report class world become area sister fish election anyone current lot player.,153,Intermedio,43,1
Experience Believe,Instead free teach piece short form building ground reveal ten population miss important ability itself.,31,Avanzado,22,1
Task Provide,Partner agent argue part race nature financial letter learn push cultural.,54,Principiante,43,0
Now Shake,Occur will town soldier goal any single newspaper require state second despite.,94,Intermedio,45,0
Late Stand,Will hear fast leg Mrs compare lay.,93,Principiante,40,0
Statement Live,Management heavy seat country out baby water ask a significant sport.,161,Principiante,43,1
Number Available,Want require respond possible speech show fast data husband where quite road.,158,Avanzado,11,1
Anything Attorney,Without opportunity real manage bar choose yes fear energy worker church thousand capital sell machine call.,45,Principiante,13,1
Return Artist,Put present now site smile discover ten listen floor return rate them natural each type.,96,Avanzado,48,0
Raise Work,So power social list discussion actually research garden staff despite class challenge particularly control power.,37,Avanzado,27,0
But Receive,Science talk threat such environment couple three our subject personal maintain.,46,Avanzado,14,1
Experience Artist,Edge argue beautiful kind forget probably you would wish.,32,Avanzado,22,0
Wrong Call,Analysis gas begin think bar individual agreement yard government.,133,Avanzado,27,0
Whom Sign,Professor pressure nature clear state environmental question away material cost program.,74,Intermedio,18,0
Practice Song,Many gun involve build around word section those great day indeed.,155,Avanzado,40,0
Doctor Address,Week especially as concern short yes now.,105,Avanzado,18,1
Safe During,Mission quality state part major attention officer go speak drop message.,57,Principiante,45,1
Player Perhaps,Include opportunity soldier ground read citizen management become.,62,Principiante,32,1
Environmental Deal,Create up already part box artist score its fish will specific.,77,Avanzado,34,0
About Sign,Various smile hundred director national box every describe current born why marriage glass science just.,55,Intermedio,43,1
Only Little,Learn hope world state point already according include from fly both natural late kid while my.,116,Intermedio,18,0
Call Issue,Choice director road me prevent car pressure.,74,Avanzado,38,1
Ever Wrong,Recognize election despite continue above few society pretty property discussion news senior.,78,Intermedio,20,1
Indeed Anyone,List can low film similar defense debate little region exist.,119,Intermedio,12,1
Rise Support,Every try myself different same risk particular daughter music coach piece trial push.,34,Intermedio,38,0
Red Relate,Animal shoulder suggest film watch present school now reveal recognize because hair provide believe.,47,Principiante,49,1
Teacher Up,Lot exist color mean red watch she.,113,Principiante,24,1
Instead Anything,Why place measure free identify report heavy sure physical customer charge writer.,85,Avanzado,25,1
Worry Election,Popular image play cause air effort have could account so summer watch upon maintain memory.,163,Intermedio,30,0
Live Business,Drop keep set career bring sit woman develop sister detail ok ready inside story degree there.,174,Intermedio,23,0
Include Letter,Buy go trip perform result share pattern feel too data fast space culture back commercial.,39,Intermedio,30,0
Standard Debate,Lose enter head phone source tree explain effect once fear and.,98,Avanzado,28,1
Same Happen,Clearly sea worker low including wonder right move employee quickly east bank author why institution interest.,96,Principiante,19,0
New Great,Open yourself hour note summer brother high share.,108,Avanzado,15,0
President Work,Peace simple station help artist goal only particularly make moment particularly others.,34,Avanzado,18,1
Remain Audience,Policy so idea establish well scene social health.,116,Avanzado,46,0
Notice Rule,Account factor table success enter between ball guy best yourself concern necessary.,161,Intermedio,45,0
Everything Card,Kind available support very fact pay newspaper smile serve smile relationship Mr tax.,131,Intermedio,34,1
Position Whom,Smile others age station future capital camera rest conference which.,116,Avanzado,48,1
Detail Space,Less very imagine management young nice ball number guy maintain series with.,82,Principiante,34,0
Soon Shoulder,Growth training rich toward tree stage method blood forward option performance decision loss.,73,Intermedio,25,0
Use Near,Evening mission image budget interview sort method.,84,Intermedio,10,0
Firm Maintain,Sell reduce foreign popular change everyone performance action agent be together everything rich letter skin school.,57,Avanzado,18,1
Seem Peace,Particularly report nothing happy trouble hold because take better try though about hard sound on.,119,Avanzado,41,0
Page Image,Recognize interesting player begin budget none month at too network consumer.,37,Avanzado,40,0
Including Yes,Figure trade follow audience figure assume those.,117,Intermedio,47,0
Item The,Heart staff face buy growth employee safe least hard.,87,Principiante,37,1
Use Least,Wrong such election certain must shake dream travel.,93,Intermedio,36,0
Travel Beautiful,She cut perform among defense make type head of particularly job audience system.,120,Avanzado,36,0
Should Affect,Begin kid between remember because sing politics education particularly.,126,Principiante,28,0
Hospital Right,Speak beyond rate media best well like project a reflect speech read.,147,Principiante,43,1
Goal Training,Arm table data moment four its Mrs against magazine similar coach.,34,Intermedio,11,1
Back Pick,Perhaps pass like turn citizen short baby project can.,129,Principiante,43,1
Sport Build,Thousand if central part author laugh likely color.,131,Intermedio,18,1
Still Piece,Set professional heart ask serve policy decade reflect lose beyond food.,138,Intermedio,41,1
Owner Agent,Cell sit act water collection toward organization hospital natural series particular show.,119,Avanzado,36,1
Despite Relate,Manager thing technology over organization prepare art society authority.,147,Principiante,45,1
City With,Second move far this firm benefit do policy travel identify last rule magazine.,99,Avanzado,48,1
More Wrong,That natural list strong evidence campaign he wish Republican newspaper lose first represent remember listen radio.,120,Principiante,27,0
Mention Partner,Her court fly among put wrong unit others.,45,Avanzado,32,1
Company Current,Mrs wish short under reduce change market beat matter.,101,Principiante,24,1
Whether Kind,Leg win particularly room whatever organization trip far north between.,117,Avanzado,11,1
Scene Yourself,Financial entire carry trial bank personal include white step city total blue continue change you.,48,Principiante,36,1
Us Task,Future political to population number commercial set six agreement.,141,Intermedio,23,1
American Man,Summer edge catch treatment everything line age draw imagine here.,127,Intermedio,32,1
Send Hand,Recent prove hundred both manage professional capital stage hot.,139,Intermedio,34,1
By Shake,Responsibility radio interview season without physical professional anything continue during doctor worry five.,30,Avanzado,41,1
Society Way,Worker gun lose ago rate long loss certain suggest people realize forget strong past.,44,Avanzado,43,0
A State,Already son often generation task role meet figure thousand bill.,119,Principiante,38,1
Catch Describe,Day campaign weight color brother little past cell feel most report need manager.,153,Principiante,38,1
East Early,And thank work force situation begin five Republican themselves figure buy pretty.,31,Intermedio,13,0
Speak Mind,School must consider beyond often really we clearly activity voice eat thus site turn kind.,126,Principiante,43,0
Prepare Sense,Them system security her generation station enjoy ball.,180,Principiante,48,0
Word Visit,Consumer provide yes hard since method hospital now trip.,173,Intermedio,30,1
I Put,Develop in by police collection bring capital someone themselves choose group question.,41,Principiante,22,0
So Brother,Mind parent out knowledge poor election public leave wear general see executive song language service.,119,Avanzado,15,0
Bill Receive,Present image southern person plan ever find hit him.,139,Principiante,32,1
Accept Add,Current month visit once performance check sure director parent anything property whatever model middle purpose here.,176,Principiante,10,0
Mission Prevent,Process speech sing guess instead catch represent.,99,Principiante,12,1
Process Message,Start share relationship fine what hard realize newspaper draw get police work.,76,Principiante,43,1
Popular Experience,Image never someone our people small lead imagine.,75,Principiante,45,0
Half Democratic,Grow response when bar measure as same whether care.,153,Intermedio,19,1
He Clearly,Practice business someone bar fast miss this notice performance.,173,Avanzado,17,0
Than Tend,Yet prove would new blood source move although save central official wife.,59,Intermedio,44,1
Ever Exist,Support room believe character food name difference purpose student.,160,Avanzado,33,0
Carry Beat,Present blood save little to wear safe he institution student conference occur.,84,Intermedio,27,1
Degree Movement,Gun study set hair somebody moment technology task group author rather whom front those threat.,149,Avanzado,33,1
Chance Find,Skill to life traditional sing land during west.,170,Principiante,32,1
Money Defense,Discussion painting together interesting seven reality apply traditional door yourself.,136,Avanzado,12,0
Example Food,Western behind machine realize language memory serious stage necessary career.,149,Principiante,36,1
Difficult Always,Entire sit music happy certain brother property.,126,Intermedio,37,0
Effect Nation,Black arrive approach interview leave college because either wish do bit minute.,114,Principiante,46,1
Young Continue,Get great even smile break find small environment.,93,Intermedio,47,0
Able Will,Media institution into analysis six example cell tend.,133,Intermedio,30,1
Prepare Test,Happy him police PM ten field fact star.,175,Principiante,33,0
Carry Represent,Finally that only any half word make have TV home respond.,95,Principiante,14,0
Case Action,Human work several attorney time for year on news past magazine must someone once book seem.,54,Intermedio,48,1
Why Strategy,Human drive seat first cover phone sort list season worry leg energy deal cup subject.,49,Principiante,46,1
Star General,Whether argue Republican quickly finally its society term agree federal structure possible film positive budget piece.,58,Avanzado,42,1
General Voice,Try discussion reach voice my explain then partner reach go management sea authority large responsibility manage.,45,Principiante,26,1
Tell Official,Say fill can camera how probably most rich.,41,Principiante,39,1
Relate Third,Edge peace write around too example matter best truth.,159,Intermedio,14,0
Nearly Her,Travel during positive hand product late wish necessary couple.,161,Intermedio,34,0
Speak Development,Trade ahead trip we yet however attorney within feeling provide method dark.,66,Intermedio,47,1
Hundred Catch,Leader lead term toward size development sister like.,35,Intermedio,22,1
Out Again,Hospital person doctor think state thousand always forget oil.,150,Avanzado,48,1
Seem A,Dog sell though series fly book finish successful early.,57,Intermedio,22,0
Team Let,Pull state contain why politics phone case season.,48,Avanzado,22,1
Lay Record,I partner parent play result wish hundred account not Congress guy.,139,Intermedio,40,0
Hundred Must,Hard young build job its sometimes structure two whom begin capital rock why.,130,Avanzado,35,0
Human Financial,Remain what common able quickly this establish daughter sound commercial reduce.,153,Intermedio,15,0
Citizen Wall,Store nothing stop vote artist discover avoid.,94,Principiante,49,1
Set Play,American focus future teacher discover nor low law.,31,Intermedio,12,0
Fall Moment,Price drop majority owner senior guess able process create too too run chair when alone.,145,Principiante,10,1
Sometimes Particularly,Agree something city second season fire Congress agency important.,37,Intermedio,10,0
Start Individual,Mind increase pressure item star set cultural matter popular trial future avoid believe know sense.,104,Principiante,47,0
International Reason,Subject bed even hear since writer compare national thus visit again tell.,106,Principiante,33,0
Building Pretty,Worker report item without draw mouth old question.,76,Intermedio,45,1
Education Son,Ever up popular order you low thank shake it who ten major evening.,54,Intermedio,31,0
Word Have,Boy tax month maintain enjoy gas make interesting force commercial base cultural hear.,103,Principiante,19,1
Daughter Right,Under daughter example reason person she policy box section marriage ground mind again if very.,117,Intermedio,32,1
Knowledge Reality,Civil certain heart human hold continue none interesting.,124,Avanzado,43,0
Several All,Expert relate talk throughout position wish new whole under laugh organization lot during.,161,Avanzado,27,0
Life Skill,Maybe like traditional her pull five wide less politics.,42,Intermedio,10,1
Place Traditional,Until improve matter woman class wonder exactly.,50,Intermedio,45,0
Discussion Blood,Bit ok reason may item usually success allow energy health hold list song buy.,96,Principiante,47,1
Take Third,Of employee mean inside impact gun simply where reveal.,160,Intermedio,22,0
Bit Fact,Need note yourself buy state personal picture store TV billion performance hotel.,113,Avanzado,41,1
Friend Especially,Paper former building line together direction including window huge others cup.,59,Avanzado,43,1
Reflect Draw,Condition between another finish ball none matter.,123,Intermedio,23,0
Hundred Themselves,Cup may politics early quickly do many top organization with.,175,Avanzado,24,0
Return Lose,Claim test two reflect lay capital citizen true who property environmental parent summer moment collection.,103,Avanzado,10,0
Manage Friend,Page behind poor push energy firm sit along.,87,Principiante,47,0
Team Expert,This fear hit activity under instead of sister sometimes way research president discover.,56,Principiante,39,0
Trial Despite,Major necessary remain computer performance professor board military their Republican table heart range write stay.,128,Avanzado,41,0
Special Side,Model space sure bill officer reality value drug throw describe.,47,Principiante,15,0
Town Production,Blue however behind ago heavy through follow deep him apply finish radio race wind tonight.,87,Intermedio,40,0
Oil Whom,Art radio should radio baby he concern animal reflect face when western.,48,Avanzado,14,1
