codigo_entrenador,nombres,apellidos,fecha_nacimiento,telefono,email,especialidad,fecha_contratacion,estado,fecha_creacion
QDP3BYR5GIDGB3TG6M5Y,Daniel,Wilson,1981-01-14,516271276296979,angelabarnett@yoder.com,Gimnasia,2025-06-09,Activo,2025-04-03
V4XWZJAYASUW4HQ5O3P8,Sean,Ramos,1965-12-29,118366904400348,obailey@ford.com,Baloncesto,2023-05-27,Activo,2025-11-11
FECM8I73ME2Y5JW7R33M,Jessica,Brewer,1981-11-10,7635752728314,ncollier@gregory.info,Baloncesto,2024-03-03,Activo,2025-09-20
5VRBRQGVUYH3H6NG3ZCM,Andrew,Hull,1978-01-29,0081117508,zwise@yahoo.com,Fútbol,2021-07-08,Activo,2025-10-25
TAVTWWWCXNWXUHR55O9D,Jeffrey,Meza,1966-11-28,16716154770,durhamraymond@hotmail.com,Gimnasia,2020-12-04,Vacaciones,2025-08-24
E9EGNPDFY2FNP6MGIVQ1,Robert,Miller,1984-01-26,1729179435,shannon26@ford.com,Baloncesto,2025-03-11,Inactivo,2025-03-05
VD0GXCC1MPH9ZM0SKIQI,Kenneth,Jones,1981-11-05,842546223315065,mario95@price.com,Fútbol,2020-06-30,Inactivo,2025-09-10
IL8EL7H1FSCPO7NACQC3,Benjamin,Dominguez,1978-08-07,1960177812681,michelle59@gmail.com,Atletismo,2024-03-16,Vacaciones,2025-04-16
R00L1KZ1JTF6Q8K3H09E,Melissa,Carlson,1970-08-30,19441166299,qrivers@hotmail.com,Atletismo,2021-11-15,Inactivo,2025-03-28
1OTDE73J9PERPPIACLS8,Haley,Martinez,1985-10-13,1646223714,simmonsjoseph@hotmail.com,Atletismo,2023-08-11,Activo,2025-07-09
DO7RMVXQZY32GCQXZQ4Y,Brian,Bell,1979-11-28,0073130940,caitlin06@yahoo.com,Fútbol,2024-10-09,Vacaciones,2025-10-15
YBGNHZH5F7UY7IL7BCQG,Christopher,Dickson,1978-11-25,9531750626034,hernandezshannon@yahoo.com,Gimnasia,2023-10-15,Activo,2025-11-06
A1CIU1ICXKH34HXCQMYP,Vanessa,Owen,1997-01-31,0010091364281,barbara99@hotmail.com,Gimnasia,2024-01-22,Inactivo,2025-09-16
Y4TJB9KAM2H84314B14O,Andrew,Mendez,1997-01-20,35387420708738,bushchristina@scott-navarro.biz,Fútbol,2024-09-28,Inactivo,2025-01-12
DFUO5VART47WCCZDNQA3,Sara,Moreno,1991-02-10,49597445006902,danieloliver@cummings.net,Baloncesto,2024-01-06,Inactivo,2025-06-14
RIB48W38WR137NWOYE75,Michael,Robles,1996-03-20,96083589531009,xgreen@hotmail.com,Atletismo,2023-06-25,Inactivo,2025-02-05
JAPCJMF94MWXJTWOCJX1,Karen,Martin,1979-08-13,113378360372239,kingmiranda@white.com,Baloncesto,2021-05-03,Vacaciones,2025-08-26
9YFEWWJTB3VTUX79XZPG,Richard,Jackson,1996-11-22,94731993050104,gkeller@porter.info,Gimnasia,2023-11-08,Vacaciones,2025-05-07
AWYW16PW94VW69QHW4LL,Scott,Santos,1987-12-22,0012181442013407,jamielittle@hotmail.com,Baloncesto,2021-09-12,Vacaciones,2025-10-07
FM4542EIY1LCZ8EMSFAC,Jennifer,May,1966-09-22,2339389511,rholmes@owens-anderson.com,Baloncesto,2021-03-28,Vacaciones,2025-09-25
XIQJ7QUUJZCQ1LU7RR3D,Joseph,Hernandez,1996-10-19,11142781524,daniel25@johns-santiago.com,Gimnasia,2023-03-29,Activo,2025-03-28
A2B53E7OLWJY4WFZXNQ9,Patrick,Johnson,1968-03-09,00139733788867002,bmorgan@flores.com,Natación,2020-03-11,Vacaciones,2025-10-20
17PKAVDVM4AUKWF5ZZCI,Julian,Dunn,1981-02-08,00161379200962326,dean69@yahoo.com,Natación,2023-09-12,Inactivo,2025-09-19
IJ0FFF3C1OMUHBVTVKMT,Bridget,Suarez,1972-08-04,0014716978660440,johnwhite@butler.com,Gimnasia,2021-07-16,Vacaciones,2025-04-27
WWKEFYJ2YDZMSEJ0YPE2,Emily,Montes,1991-12-28,00125360818060875,jthompson@yahoo.com,Fútbol,2024-01-14,Activo,2025-01-12
ZNP7WWK8IDWOJ6806TIV,Michael,Underwood,1969-11-08,1025200468346477,shawn68@yahoo.com,Natación,2022-05-21,Activo,2025-10-28
7BZH6VU1QJ90NPADRX1I,Lindsey,Davis,1971-06-09,1370160835,ryan78@hoffman-gonzalez.com,Baloncesto,2021-08-28,Vacaciones,2025-08-20
8RSOBTCF65B3JV0EPXH6,Austin,Ayala,1967-07-29,6979827465,fergusonjesse@ingram-marshall.net,Gimnasia,2020-11-25,Inactivo,2025-11-18
PZZ84DP4P7PM7XEEM9XE,Breanna,Davis,1977-07-20,3042874086,jason42@wilson.com,Natación,2023-03-28,Vacaciones,2025-11-18
C9GIHVDGJO3T1FDZ4FQ2,Kelly,Shepard,1967-04-04,7038505829,dillonricky@hotmail.com,Atletismo,2020-07-10,Vacaciones,2025-04-13
BA6CH6ET0I3TGGEVIZ8X,Mallory,Carter,1969-12-05,5020974579,nsanchez@yahoo.com,Gimnasia,2023-01-21,Activo,2025-04-02
E4JMCOALYTJKAJTORWES,Kelly,Patel,1979-07-12,0012698083681,whitneymoran@ball.com,Baloncesto,2022-12-16,Vacaciones,2025-03-05
QBPCW4RGTHRH0DI1H453,Don,Allen,1972-01-06,0015547564006,ilee@gmail.com,Natación,2024-05-02,Inactivo,2025-07-21
42M0RC8LB1S1XFQECLMM,Ricky,Soto,1995-08-16,1723061164187006,parkerjames@hotmail.com,Gimnasia,2020-10-08,Activo,2025-09-27
NTNM2LE6FY3GB2SX4SII,Sierra,Lloyd,1984-03-18,72933897696888,jonelson@hotmail.com,Fútbol,2020-10-01,Inactivo,2025-02-19
XHSSLEYIOPS7EXRT5X6M,Jennifer,Parker,1974-01-11,7260232743139,shelby07@hotmail.com,Natación,2024-11-29,Activo,2025-10-06
B1M6FJIGWFTRGUKBSP01,Herbert,Reyes,1989-03-30,37137671319095,freemantammy@hotmail.com,Gimnasia,2020-01-16,Vacaciones,2025-07-09
3OMOA5LAF4ROC70ATMPK,James,Smith,1998-07-24,2570640599691,michael84@gmail.com,Fútbol,2020-08-21,Activo,2025-05-07
86XUFT7EHMTT4ZL8O26H,Amanda,Henry,1986-10-28,0011437499949,rachaelchavez@yahoo.com,Fútbol,2022-05-31,Inactivo,2025-06-30
KL4QTD8UDQ22LCLWYZL9,Jeremy,White,1987-02-26,550782135303643,fdixon@yahoo.com,Gimnasia,2024-05-16,Inactivo,2025-07-26
ZDWH5GDJS9NTUDB6RXLN,Christian,Haynes,1993-07-22,3414338404817,qsimmons@carlson.com,Atletismo,2023-04-27,Inactivo,2025-04-05
ENMQQ3BPIW781AN5UP6U,Chad,Nelson,1984-01-17,05048286887598,flittle@hotmail.com,Natación,2025-01-07,Inactivo,2025-10-05
CQQFZKSS3GQO8H38FP5V,Mario,Sims,1999-11-30,1177645752947246,cindy96@hotmail.com,Fútbol,2023-09-12,Vacaciones,2025-01-03
BN3U25A3M8909IMELEGM,Andre,Wilkins,1966-02-20,5853112850,stephanie10@gmail.com,Natación,2023-01-22,Vacaciones,2025-04-02
CH0QEW6VOXKBOSJ2PEXT,Amber,Sanchez,1986-03-27,8670329816,tracey15@gmail.com,Atletismo,2020-12-13,Inactivo,2025-06-01
4GX0RDYI5IFAW9YF12RV,Kelly,Davis,1966-11-13,612098804678781,fboone@yahoo.com,Natación,2024-12-26,Activo,2025-01-03
0X9V5E5PZD5YQSI47LGN,Amanda,Morgan,1985-04-02,7724740245,kimberlyharris@yahoo.com,Natación,2025-02-08,Inactivo,2025-08-13
XVD9EW242WMCY98ITRNX,Brooke,Ortiz,1990-12-09,028611248413451,foleylori@robinson.com,Atletismo,2023-02-02,Inactivo,2025-04-25
EP12FQ9P5YQB15E39GJH,Anthony,Charles,1970-05-08,1957619864,zcraig@yahoo.com,Gimnasia,2025-01-26,Vacaciones,2025-02-10
74NZM7JIY38L9GYLMFUX,Becky,Nolan,1983-10-10,5596996186,markdominguez@hotmail.com,Fútbol,2023-03-02,Inactivo,2025-01-21
KDMZQ9SKGUOTP2DXCGCD,Colton,Lee,1969-12-14,16883567374,andrewblack@yahoo.com,Baloncesto,2021-06-21,Activo,2025-06-30
0QOW7EOKPSP22KMOUULP,Joseph,Hall,1969-03-05,0373470140,philipingram@yahoo.com,Baloncesto,2023-05-13,Inactivo,2025-08-26
ABQZS6MDX4LNOG0IYV1U,Christina,Johnson,1992-09-24,09865614921158,abigail47@yahoo.com,Fútbol,2021-12-19,Inactivo,2025-01-03
MJHHFF8YWN0IIIWGFPXQ,Kimberly,Sampson,1991-10-03,121838253901522,cortezdiane@yahoo.com,Gimnasia,2022-12-22,Inactivo,2025-10-12
TWR7E0Y31P80SA4ACNWJ,Nicholas,Wagner,1974-03-23,0015023183166414,daisy80@baldwin.com,Gimnasia,2020-02-28,Vacaciones,2025-10-03
CXS9EZGMJSO64QKVQJ36,Victoria,Moore,1967-07-02,7011978014795,jennifer47@vaughn.com,Natación,2020-12-04,Inactivo,2025-09-03
LM4QFH0NNZ8FBANWO8VE,Timothy,Hall,1985-01-05,8365445097,natalie09@huff.com,Fútbol,2024-04-17,Vacaciones,2025-02-05
77MTBX9DH5VH4BW6SLTL,Donna,Meadows,1987-05-23,1723536644463751,hcross@young.com,Baloncesto,2021-09-11,Inactivo,2025-07-06
WRM7AMXNP7IGGPU4Y1CB,Paul,Wang,1996-07-18,16243713458,katiesmith@lewis-walters.com,Atletismo,2023-08-10,Activo,2025-06-30
FJF9HJUMF020QI1026WR,John,Black,1975-08-06,5908899589,ronnie57@myers.org,Baloncesto,2024-10-22,Activo,2025-06-12
3A40EZQZ9JJ02WRDOG2I,Allison,Smith,1965-12-07,12435589818,travislynch@williams.net,Fútbol,2020-12-13,Activo,2025-08-11
8OOIPF7712SBEMT3OZEM,Rebecca,Wyatt,1967-02-26,8418186611012,cameronrogers@medina.com,Natación,2020-05-24,Activo,2025-01-24
5OT3OIAIJ2S90O28WM8S,Thomas,Flowers,1974-02-10,00148268975922232,davidwashington@gmail.com,Natación,2025-08-29,Vacaciones,2025-06-27
89Q0LQBZFYW0UF1F84OQ,Angela,Mitchell,1994-06-02,10608902332204,roynicole@hotmail.com,Natación,2020-06-06,Activo,2025-08-30
FRC5ENSAYGTYJXHW5VVT,Anna,Garcia,1982-01-19,74657550830138,kathryn00@hotmail.com,Fútbol,2025-04-13,Activo,2025-10-09
GBZJB607V5CWAVZV4MY6,Yolanda,Stewart,1999-12-01,4264980031891,shill@hall-ryan.net,Natación,2020-08-31,Vacaciones,2025-09-19
YJI8GR0OSRBC4IDLE593,Nancy,Gibbs,1997-10-17,0387036643,bmanning@hotmail.com,Fútbol,2020-01-01,Inactivo,2025-04-17
1P484YFXDC891X8B85UY,Adam,King,1982-01-11,62081585317877,jerryguzman@glover-guzman.info,Gimnasia,2024-11-25,Activo,2025-11-14
Q01WRNF445FV5KY6GRTK,Pamela,Smith,1993-02-27,07820653986131,xjohnson@frazier.org,Gimnasia,2021-11-07,Inactivo,2025-10-03
RJ09J3ZXVTKXZ37T8T79,Cory,Cameron,1970-01-21,84905280221693,whogan@george.com,Atletismo,2024-09-28,Inactivo,2025-10-31
YRFFQ0JSQCB3HGRUK99S,Bobby,Lee,1995-04-04,6363763992,carl62@gmail.com,Atletismo,2020-09-02,Vacaciones,2025-06-09
BAS8D1VFC7Z10O5SFWOE,Blake,Davis,1990-10-14,5287411498,kristenwilliams@mcmahon.com,Gimnasia,2020-12-20,Inactivo,2025-06-13
YPVD33FQPPBMTUD06ID8,Peter,Bailey,1987-09-05,0986451524506,mccoyronald@ball-martin.biz,Atletismo,2022-08-06,Activo,2025-10-07
6JRR9TJKQTKZDQFXH0OC,Luke,Brewer,1985-11-01,6098297666,cathy08@yahoo.com,Gimnasia,2022-12-09,Vacaciones,2025-02-05
27WQR5EZCEE2EFYSPC20,Ronnie,Wheeler,1991-03-20,19048909377,kristinefisher@hotmail.com,Fútbol,2023-12-02,Vacaciones,2025-03-05
WR4PAB9L3M98U0C41V9D,Kristen,Wilson,1972-07-10,47906355487319,dsmith@yahoo.com,Atletismo,2025-04-01,Vacaciones,2025-04-20
TFFECVTL92UOGLXQSGM0,Daniel,Boyd,1978-10-28,0014915226656335,joshua27@webb.com,Gimnasia,2025-09-04,Inactivo,2025-02-20
SDYO9S879H8WOSU3Y9P0,Thomas,King,1967-09-17,5158211517,katherinemiller@fuentes.com,Gimnasia,2022-05-01,Activo,2025-09-03
9Y57L0BWZIEF1D2YMP9Y,Michelle,Watson,1993-06-26,02860594676596,rickyjames@gordon.biz,Atletismo,2021-10-11,Inactivo,2025-04-02
15VYKBX5R8K4A1C4LZP1,David,Pena,1979-10-27,3847331248607,sfrost@robinson.com,Baloncesto,2022-02-10,Inactivo,2025-04-28
3B41EOIYQ28LBRQZYHYR,Jonathan,Becker,1968-08-08,19716176401,nguyenlaura@yahoo.com,Baloncesto,2025-03-06,Activo,2025-08-17
JTP03RUJFNLDFICHSYB1,Jennifer,Johnson,1966-04-28,8225136396,tdougherty@hotmail.com,Atletismo,2022-09-30,Vacaciones,2025-10-21
JAMRKR0LX2RF15WH25UX,Ellen,Pittman,1979-09-30,055762941587961,sgreene@gmail.com,Atletismo,2021-11-17,Activo,2025-10-07
CTCTO785WJ84H0HOCCFU,Jennifer,Harvey,1978-01-06,001197216975578462,herrerakimberly@brown.com,Atletismo,2022-01-01,Vacaciones,2025-02-23
LTOAAU6GY1K9VE3V27X7,Melissa,Ferguson,2000-05-18,12726709936,melissastevens@gmail.com,Baloncesto,2020-07-02,Inactivo,2025-05-01
EDZL5V8T7TKS31I8YWXD,Stacey,Rose,1980-12-04,0019587866259,robin09@hotmail.com,Gimnasia,2021-03-09,Vacaciones,2025-05-08
S1XA4115NN0SMQACLHWB,Steve,Castillo,1975-06-30,5420384473,jackflores@estes.com,Natación,2024-10-14,Inactivo,2025-08-06
MRIL11941BCINY7U8GWG,Karen,Gregory,1998-03-27,14872600396,janetjones@brock-cordova.com,Fútbol,2021-08-03,Inactivo,2025-09-12
XP367R1MQE6DU7JJI6WD,Tina,Anderson,1991-10-10,1673113748635477,coleshane@yahoo.com,Fútbol,2021-08-23,Activo,2025-08-20
RGML28GY5CRQRSL0SWJN,Donald,Garcia,1992-07-01,3139093236,jacob91@rogers.com,Atletismo,2024-01-30,Vacaciones,2025-01-13
KB2LIO8259ASQC00EMOW,Anna,Alvarez,1967-05-10,0019787286151959,samuel88@vargas.info,Natación,2020-08-04,Vacaciones,2025-03-14
G83OPEH1LS7IBZBC23N3,Paul,Cooper,1971-09-13,001338678513299619,rebeccajones@mercado-clark.net,Baloncesto,2021-05-30,Activo,2025-08-27
B0IYHG50KO6NLEV1SWWW,Lori,Morris,1993-04-11,3114975083,tonyasmith@hotmail.com,Gimnasia,2025-02-18,Vacaciones,2025-03-24
F9GJATQP1GTCCG8YWEL3,Charles,Jackson,1970-11-28,001949919510164421,ewalter@gutierrez.org,Gimnasia,2025-05-15,Vacaciones,2025-03-15
Y97EBFDLCU0C77Q1QQEN,Suzanne,Jimenez,1993-04-17,3988185955,rpatterson@gmail.com,Natación,2024-11-12,Activo,2025-03-03
23MDXP6IVINPBSD6QESW,Ruth,Cummings,1988-02-02,3685535552,nathanielhill@shaffer.net,Gimnasia,2023-05-12,Inactivo,2025-10-18
0UFXI9R7S0EF83DTPJGE,Victoria,Richards,1990-12-03,43591394649876,amandasmith@gmail.com,Gimnasia,2024-07-27,Vacaciones,2025-06-26
WUJWR820FSOJ6CBRQNGA,Shelley,Haynes,1979-10-11,6219792544,heatherprice@yahoo.com,Atletismo,2023-04-09,Vacaciones,2025-02-02
EQ7B39OXYF205VMOHP3A,Cindy,Cox,1990-05-01,5368796709,jakewalker@miller.com,Natación,2025-05-22,Activo,2025-06-08
2P78JAHL7XPBE1EVX8QF,Sharon,Hart,1990-10-23,2373427167558,rossstephen@yahoo.com,Baloncesto,2022-09-30,Inactivo,2025-10-16
4OL58DYBJ9J3BTL3HG42,Derrick,Hart,1974-11-11,2960225144,bmassey@yahoo.com,Natación,2021-10-07,Inactivo,2025-03-16
Z6UPZDNDF6POT3G9P5S0,Tanner,Martin,1981-09-14,404870431099778,ymartin@gmail.com,Baloncesto,2022-02-27,Activo,2025-05-13
2FZZ7CNHPGTMVYJWFSHQ,Joshua,Graham,1990-02-01,1404131337084639,jessicajohnson@yahoo.com,Atletismo,2025-07-04,Inactivo,2025-01-06
9DMBNSC1WNY9AOWZFH1Z,Jasmine,Castro,1986-10-10,7354586902,trevorarmstrong@yahoo.com,Gimnasia,2023-10-22,Vacaciones,2025-02-21
ZOLCH2UCY6JTXGN5D5N1,Joshua,Rodgers,1976-04-21,109679442796929,tonyjones@hotmail.com,Baloncesto,2022-04-28,Activo,2025-01-22
F8CF4NO1RB9IU9DP6QTE,Lori,Reyes,1973-05-18,2506735688626,bowerstammy@gmail.com,Gimnasia,2022-09-10,Activo,2025-08-17
K8EAVYTV4EN6V7JOJUN0,Ashley,Williams,1971-06-10,4434633425568,allison22@turner.com,Atletismo,2024-12-01,Vacaciones,2025-01-29
5C1FCBLIVNUEL3RO5UYS,Shane,Casey,1994-06-11,5683552265,jorgerosales@yahoo.com,Fútbol,2022-07-31,Inactivo,2025-01-02
9H8VKHNAC2ZQSPPOYF1P,Beth,Guerra,1990-12-02,2500587326561,kbrown@wright.biz,Gimnasia,2022-11-18,Inactivo,2025-07-03
YHKMGQD9QZV565X3JUUS,Nicholas,Santos,1987-11-09,1378750207,phill@hotmail.com,Atletismo,2024-12-08,Inactivo,2025-10-14
0TUGX3JXO4D7QDNYHQX6,Christine,Mendoza,1979-11-21,2198376448810,andrewross@gmail.com,Natación,2021-02-19,Inactivo,2025-07-03
DRFQI96Q6IF1OKZUPLGK,Joshua,Barron,1978-11-21,5333864260,ashley37@hotmail.com,Fútbol,2020-07-30,Inactivo,2025-07-04
RB6J0ZZJLYKXRQHHI4X4,Shannon,Harris,1973-11-04,001420207264617641,richard89@yahoo.com,Fútbol,2021-01-05,Vacaciones,2025-04-15
HVOW05VE9L81YOFL1PIR,Lisa,Roberts,1985-07-26,7006284749,robertsonsara@chambers.net,Natación,2022-04-01,Inactivo,2025-02-17
KP4IZ5WTQOJLSTMY87LC,Larry,Armstrong,1974-07-21,5389091200,brent84@hall-torres.com,Atletismo,2024-09-13,Activo,2025-08-20
AMVJTVPLTJ5UON36JIF0,Paula,Lopez,1978-08-24,00134739602078990,melissa36@hotmail.com,Gimnasia,2020-11-07,Vacaciones,2025-04-18
J0H8IKTHOWQA9EPI28RR,Kelly,Hogan,1966-05-14,581888368740087,thomasdaniel@yahoo.com,Natación,2025-08-24,Vacaciones,2025-02-01
MW5UYAXPU37VOT0JRUNA,Gabrielle,James,1977-03-27,5005046417056,gwright@arnold-bauer.com,Gimnasia,2025-01-19,Inactivo,2025-10-25
2QORCZ6DK71RHP9XYJ3L,John,Hayden,1993-02-25,4435297553913,pwashington@yahoo.com,Baloncesto,2023-05-01,Activo,2025-05-22
QWUP80HDFWSXVG77O3QT,Ryan,Chase,1970-03-12,5733709262,timothy86@sanders-munoz.com,Atletismo,2024-04-24,Activo,2025-01-28
RBA2BZGLEJ6JUZUQJ4SZ,Michael,Meyer,1991-06-05,00140643003813846,robinsonbrandon@may.com,Atletismo,2023-04-01,Activo,2025-09-21
MU4TAOBWJCCJN6JAWF5S,Jill,Murray,1981-06-12,6580408510901,jasonmoody@ingram.com,Atletismo,2021-11-30,Activo,2025-01-01
AXZNYTX5EEQL6CLMNQNX,Cheyenne,Williams,1976-05-25,954777966256889,vancejulie@davis.net,Natación,2020-06-27,Inactivo,2025-11-08
M3IRPR4CZS0TB4FMPL6R,Kenneth,Krueger,1972-02-26,5065718549,kyliejohnson@gmail.com,Fútbol,2022-10-04,Activo,2025-10-04
8ATYI60WIV3V1GV59HW7,Christopher,Mason,1974-08-07,0765696963,bradleysarah@yahoo.com,Atletismo,2024-12-18,Inactivo,2025-09-12
WTUMEZU6JPGJAR5W7RQH,Scott,Lang,1980-02-16,97215226922554,ljenkins@yahoo.com,Fútbol,2024-04-02,Activo,2025-11-07
UKF64FMFNMX09YUETMFS,Amy,Kirby,1974-05-20,0016671445384,asantos@hotmail.com,Natación,2025-09-01,Activo,2025-10-27
056WCBTAH77Y9DQ33V6R,Holly,Hayes,1994-07-13,7413315426,amandanash@yahoo.com,Fútbol,2023-01-23,Vacaciones,2025-07-08
QGMQCW350V044YPNZMFW,Janet,Perry,1974-10-22,7502594338,holmesvanessa@morales-haynes.org,Fútbol,2025-03-05,Inactivo,2025-06-19
1GD040O609QUQPWCSV2A,Victoria,Rodriguez,1982-01-14,5426886988493,baileychristopher@yahoo.com,Baloncesto,2023-05-27,Vacaciones,2025-03-24
1RKANEAWVP304UZSI6XJ,Roy,Edwards,1997-01-13,15771780833,kaneallison@gmail.com,Atletismo,2025-03-15,Inactivo,2025-04-29
YG9WCG7JX5HXA2OSFDCP,Amanda,Harrell,1993-09-09,7396123109,yharrell@yahoo.com,Natación,2023-08-20,Vacaciones,2025-05-11
2LR35LWJU29OAAZHKGJ5,Daniel,Robertson,1986-10-02,2917352762,crystalparrish@liu.info,Atletismo,2022-03-15,Inactivo,2025-05-09
HOMMQSNALZOR7Y5G8A99,William,Gray,1972-06-10,13329625744448,david03@alvarado.biz,Atletismo,2021-09-19,Vacaciones,2025-06-06
02PIROZ86OJ0WP75QJ62,Holly,Villanueva,1993-08-25,1917969310651,donald14@yahoo.com,Baloncesto,2021-08-31,Activo,2025-10-07
ZQ85WOXWMRB808ZVPUDY,Alexander,Burton,1996-09-17,995760205280859,michealhenderson@hardy.com,Gimnasia,2020-03-11,Activo,2025-05-25
BS2NQSQZI4QC2PDY21SU,Andrew,Newman,1978-07-22,342846972393642,lschmidt@hotmail.com,Natación,2024-10-16,Vacaciones,2025-02-16
0GNFSI10MVTLRXLU51QK,Andrew,Brown,1984-02-08,0010084222650206,alexandra69@yahoo.com,Natación,2022-05-11,Vacaciones,2025-08-03
0ICEXN6BM4KI80MPEC68,Ricardo,Green,1994-12-10,5318963632,vgraham@yahoo.com,Baloncesto,2022-01-04,Vacaciones,2025-02-07
FON8UQHYYTJ6DD4X2M8J,Troy,Martin,1997-06-03,377461690635534,jimmywatson@petersen.com,Fútbol,2025-02-03,Activo,2025-07-19
B4FDV565KGIWS5E89WFM,Michele,Clark,1980-11-14,5018457557767,jennifermcguire@neal-baker.info,Fútbol,2024-06-01,Vacaciones,2025-05-16
I6RNVJU8T1LLIOUN9B6E,Ricardo,Thompson,1986-11-16,5032273363,williamspaul@cook-ferguson.org,Gimnasia,2025-09-20,Inactivo,2025-03-20
TF3BGYP7D7FC4E19VNA1,Joseph,Shields,1977-01-12,18548210972417,martincole@hotmail.com,Atletismo,2020-08-14,Inactivo,2025-08-01
DN8DHQU507XDF1LKLITC,Timothy,Davis,1970-07-20,0562800773607,nelsonelizabeth@rodriguez.info,Natación,2025-08-03,Activo,2025-01-03
NW07JD898OOZYO09UJ18,Meagan,Dixon,1990-02-03,6037623245825,katieconrad@yahoo.com,Natación,2025-03-14,Vacaciones,2025-09-15
RVIFAR02DUJJRL7PJIR3,Sarah,Nguyen,1990-12-22,901821451635599,lisa16@santana-levy.com,Atletismo,2020-02-05,Inactivo,2025-03-15
X1UW1DAKRBA44G3JMB0G,Michelle,Cooper,1996-05-22,662234667711475,mcgeekimberly@yahoo.com,Atletismo,2025-08-06,Activo,2025-10-20
WS9KTDCVFH6VGAGZMXWQ,Ian,Henson,1974-06-13,9424665804,rothdanielle@stafford-nolan.com,Baloncesto,2023-08-04,Activo,2025-05-13
RC1KU41WDYFNMI3AQ4GD,Susan,Ramos,1967-05-09,1401739203118,davisdonald@gmail.com,Baloncesto,2021-09-29,Inactivo,2025-02-16
5MLRSKM5AWB973367AYG,Karen,Nicholson,1991-05-02,695023951759105,ortizmegan@jones.biz,Natación,2021-08-10,Vacaciones,2025-10-26
R5YRPWAZ5TCAZC1J9N4S,Raven,Griffin,1990-06-04,00185189218540752,moorebrenda@mendez.com,Baloncesto,2022-06-07,Vacaciones,2025-02-15
PY05EE6D62WWY2YJ2UXF,Sharon,Pruitt,1992-06-19,001547891900317030,wilsonjeremy@chan.com,Natación,2020-05-05,Vacaciones,2025-04-03
MIVLS41IUIGKGT70Q805,Cathy,Simpson,1979-08-09,18532290918887,jill65@stephens.org,Baloncesto,2025-06-14,Inactivo,2025-09-14
9S54VEAGTF8MS4UZ2HOD,Melanie,Lopez,1996-09-20,98306274731395,vickieedwards@gmail.com,Baloncesto,2025-02-28,Inactivo,2025-11-13
9UNCGJYWCLP5R19SLJ2A,Carol,Caldwell,1965-03-08,0559756138081,martinmary@hotmail.com,Natación,2020-01-24,Vacaciones,2025-04-22
4WCKBRA42Z8O6RWIGVVK,Cody,Yang,1980-07-21,6135225270162,william26@yahoo.com,Baloncesto,2023-08-03,Inactivo,2025-06-28
N9OL4W3QST1KG9Q5IUMT,Christina,Hoover,1979-03-22,001622588202946204,tony88@yahoo.com,Atletismo,2023-03-22,Inactivo,2025-10-11
JL0F4VMDN6VJ9WLG4VVR,Charles,Smith,1977-08-30,7253318633214,walkerjohn@arnold.com,Baloncesto,2021-06-29,Vacaciones,2025-08-01
S2FXAVZVWYONA11Z5VJP,Jeffery,Huang,1991-04-05,7898744802,zlin@hotmail.com,Natación,2024-04-02,Vacaciones,2025-02-18
652HZX72AY17WEEATYK2,Patricia,Miller,1979-02-15,5323761661,lynn46@hotmail.com,Natación,2021-09-13,Vacaciones,2025-01-23
LEZMIVG5UMCBN3M9SB9L,Russell,Robinson,1973-01-11,5360636870681,rickysmith@yahoo.com,Fútbol,2022-03-15,Activo,2025-02-02
AXX8S9LPEYB7A9TDIQR2,Jason,Alvarez,1969-01-10,1396842758247089,gpham@hotmail.com,Gimnasia,2020-12-16,Activo,2025-09-11
LF7UP4SIY98JGVOTO0S3,Cynthia,Lee,1987-06-01,5556394556,cookjoshua@davis.com,Baloncesto,2025-02-16,Vacaciones,2025-10-11
E51TG43TMUZPDJ7JWA1U,Terry,Byrd,1992-02-17,0633406601591,bjones@yahoo.com,Atletismo,2022-04-26,Inactivo,2025-08-03
4CJDQYJHY6LJIR07U3HW,John,Barrera,1984-09-29,16088375127268,foleytimothy@alvarado.com,Baloncesto,2020-02-05,Activo,2025-05-14
QPW70A6YQKFDFOAYLZEL,Gabriela,Weiss,1999-05-07,1487579913391556,gjones@gmail.com,Fútbol,2024-10-15,Activo,2025-07-14
27KDBDB8F83JF45L0HX3,Amanda,Chandler,1983-07-19,1596966046929836,woodjesus@riley-garcia.org,Gimnasia,2021-03-27,Vacaciones,2025-05-06
ZXVRAY0Q74JY0HFIC70B,Christine,Hancock,1985-11-22,0014080431194720,christopher11@yahoo.com,Natación,2022-01-14,Activo,2025-08-01
KWSMIXFQEV1SJOPSQE1Q,Kayla,Gutierrez,1976-07-31,508965841529126,hhall@hotmail.com,Atletismo,2024-04-15,Activo,2025-09-10
YIV677ZROXHK865N0I25,Steven,Nielsen,1990-11-16,7256889211,brendajohnson@dunn-carroll.net,Baloncesto,2021-08-16,Inactivo,2025-01-12
DRER5OXBGIJKQ7BVBHVP,Joseph,Wall,1997-09-05,00138063602023466,edwardmccormick@lawrence.com,Gimnasia,2022-08-02,Vacaciones,2025-11-03
3M4P8T6RXUKI7CQ4DEH8,Eric,Schwartz,2000-08-26,145757277701916,uparsons@hotmail.com,Gimnasia,2022-02-12,Activo,2025-07-09
VUVNUGOCIJZXKDIVNYPZ,Holly,Gonzalez,1980-05-20,3919816947,chadwest@yahoo.com,Gimnasia,2022-12-09,Inactivo,2025-02-24
42B7A1GL5YU10KMTB2Q8,Chelsea,Brown,1979-10-05,6830749932,jennifer69@yahoo.com,Atletismo,2020-02-21,Vacaciones,2025-02-19
XQIRUGME2VSXBH2LJQ0D,Brian,Rodriguez,1998-03-15,0983612620,stephaniewinters@hotmail.com,Natación,2025-10-13,Activo,2025-06-27
TLJH5HO4P9K0DZYK6GBM,Richard,Benjamin,1980-08-13,344867414549089,qramirez@yahoo.com,Atletismo,2020-02-09,Inactivo,2025-11-06
TVY9R5RX0HYLO6TN09IR,Douglas,Lutz,1990-05-29,469709263994451,kballard@miller.com,Fútbol,2024-04-20,Inactivo,2025-01-25
GKVCEPAJXQ1O3VDFQNJM,Mary,Jones,1976-01-01,2923209374,sarah71@hawkins-smith.org,Fútbol,2025-07-18,Inactivo,2025-06-01
UK4BMPYKTS2GP1K5XU0G,Stephen,Holt,1994-05-14,4048346715,pmiller@kennedy-jefferson.org,Atletismo,2024-04-14,Vacaciones,2025-04-29
URFQVK251UY6P9I3RWIO,Pamela,Ryan,1965-09-28,83480521586838,marshalljeffrey@ortiz.com,Fútbol,2024-05-28,Vacaciones,2025-09-14
82FP5TRQFXAVJ2BNNOCX,Donald,Mcdaniel,1970-01-31,6431492978309,travis76@yahoo.com,Atletismo,2020-01-04,Vacaciones,2025-03-05
FZ7TTX94423AA5VNGBGN,Jason,Scott,1990-01-16,8467109377,cheryl93@gmail.com,Gimnasia,2021-09-14,Activo,2025-09-09
AB0S8R0FXB8630IJ6B8R,Brian,Webb,1978-06-30,725715852295242,sanderslogan@yahoo.com,Gimnasia,2022-09-06,Activo,2025-09-03
1A9XTSPO2NQN9CPJ6NBT,Allen,Johnson,1967-03-01,6689251843,qsanchez@scott.com,Baloncesto,2025-04-20,Vacaciones,2025-05-10
0VTHKCNV3CEJ6X1IZ2MM,Jeremiah,Cunningham,1980-01-14,001367958253187671,alvareznicole@yahoo.com,Gimnasia,2021-11-18,Vacaciones,2025-09-07
UMK5Q2J57Z2SL2XP9OFD,Rachel,Mcbride,1991-10-09,4561861605,morgan74@yahoo.com,Gimnasia,2021-11-01,Inactivo,2025-01-20
HGZCCVOAAOQ25K0S860M,Benjamin,Cline,1969-03-19,11782406219818,eric09@riley.org,Gimnasia,2025-05-10,Vacaciones,2025-10-13
ZLADYX0QNGC7JE1BMWQV,Tammy,Scott,1989-02-26,185175002660767,ojoyce@warren.com,Baloncesto,2022-12-06,Inactivo,2025-08-05
JI83HP95I1K7Z09IZTI8,Marc,Jacobs,2000-06-21,4093228333,xperry@gmail.com,Baloncesto,2021-01-16,Activo,2025-05-20
6ABXCKQ7XXDY2CC13288,Denise,Parker,1977-05-15,0738604454,wilsonlatoya@yahoo.com,Gimnasia,2024-06-08,Activo,2025-04-05
050FBWQREV0FJU64BUZF,Amanda,Peterson,1990-05-19,0203443719,bmerritt@yahoo.com,Baloncesto,2020-04-08,Activo,2025-02-03
UHVX008YMCGT5IYROAKM,Brian,Pierce,1969-03-06,4412322987,hoffmangregory@yahoo.com,Natación,2024-03-17,Activo,2025-06-06
RFWBY1RS38UO7Q6VQO0Y,Adam,Thompson,1978-05-23,074318631602681,qwelch@black.com,Atletismo,2023-07-25,Inactivo,2025-03-10
WBAGWQQYTGL0DZI3TELW,Karen,Fry,1989-10-13,0157678499,pbush@parrish.com,Atletismo,2024-05-04,Inactivo,2025-08-10
04J1FC7JP53LL1NASS3K,Diana,Trevino,1974-12-10,2536819791,christinesuarez@hotmail.com,Natación,2020-04-22,Vacaciones,2025-10-22
ETAHY98V1TE0ZP682HH3,Sandra,Jackson,1989-09-16,9246202063,matthewfaulkner@liu-jones.com,Natación,2023-02-19,Activo,2025-10-18
2HKABXHF30OFXHJLBSKQ,Michael,Cabrera,1973-01-25,0015733729756,christina59@king.biz,Gimnasia,2020-02-08,Activo,2025-03-20
LPXAYGUY16N4VTH431BN,Scott,Fisher,1982-12-27,00172235658153897,alexis48@yahoo.com,Natación,2024-11-20,Vacaciones,2025-04-17
NAJ8OBEVTHFVRHJRLT8P,Rebecca,Wall,1982-12-25,14648245433,lindseyangela@yahoo.com,Baloncesto,2024-08-16,Activo,2025-04-15
4IYROPIR4AHDT3ZJDPUY,Elizabeth,Holt,1995-06-28,299814432548588,kathryn42@moore.com,Atletismo,2021-01-20,Inactivo,2025-04-18
KWNPF29TGAIC4H9CWYL5,Lisa,Bowen,2000-11-13,0015472527577,jensendiana@yahoo.com,Baloncesto,2022-10-11,Activo,2025-05-21
3YQGEKJCURGN7TTQWMPO,Diana,Brock,1992-08-03,7453682522,jessicasloan@robinson-paul.com,Natación,2020-05-05,Inactivo,2025-05-10
S7FPV3GDISGT9ITEO9ZU,Michael,Miller,1966-03-03,001897754779806682,jennifer07@hughes.info,Baloncesto,2022-07-22,Vacaciones,2025-01-15
RY4SJY8S1R6CFT8UVBTM,Gabriel,Meyer,1981-06-29,8156054963,garrettfisher@reyes-carpenter.net,Natación,2025-07-02,Vacaciones,2025-06-26
XINVRG6LBIXDP09RHJOZ,Lisa,Russell,1983-01-23,6033791968,ericvalenzuela@rodriguez.com,Atletismo,2024-02-08,Vacaciones,2025-11-01
PB2K0LAJ37HIMKMUKJFS,Travis,Hale,1984-10-13,509178147806685,shannonbailey@hawkins-duffy.com,Fútbol,2025-10-01,Vacaciones,2025-05-04
1ZNZGDA6COOFBJ4ZTBRC,Holly,Floyd,1997-09-11,22248274087557,christy34@yahoo.com,Natación,2021-07-14,Inactivo,2025-01-14
ISX678Y0L63KJUE5T7RU,David,Carroll,1967-03-01,3336965977971,vazquezmichaela@gonzalez.com,Natación,2025-10-13,Activo,2025-03-18
95XMRBB3QCJ615JN4L5C,Marcia,Cox,1981-12-22,3944214322,hillanthony@yahoo.com,Atletismo,2024-03-11,Inactivo,2025-09-30
JHTU7HYKGFIBTHB77780,Jacqueline,Lewis,1974-12-14,2272392692017,josephsandoval@gmail.com,Gimnasia,2023-01-25,Activo,2025-06-28
9FHIPP2KBB3F7LTQNQCD,Scott,Gibson,1975-09-26,001169213340289970,paulabarnes@garcia-munoz.com,Fútbol,2022-06-22,Vacaciones,2025-05-25
F5ENFLSINHRQO1RV9ISM,Robert,Reynolds,1995-05-06,562249415770461,johnadams@cruz.net,Baloncesto,2021-12-06,Inactivo,2025-07-12
179YPMADTPQVWMFKH4QN,Natasha,Lin,1970-04-22,5263375988,lstein@wilson-powers.com,Atletismo,2024-11-11,Activo,2025-05-29
PJY1FIAQZZ35U734HSRT,Susan,Carr,2000-02-09,36027124299387,rhumphrey@yahoo.com,Atletismo,2022-10-05,Vacaciones,2025-11-04
8MF5MPP5PCQDQCRCMZF6,Andrea,Bryant,1973-09-10,4072413680,torresmiranda@diaz.com,Gimnasia,2022-11-16,Vacaciones,2025-08-22
589JY7TLT7J5165LJFA1,Michael,Adkins,1980-08-02,020789124124288,brandigreer@gmail.com,Baloncesto,2023-04-11,Inactivo,2025-02-27
UZYY70Z5FVH7IJCWHAB9,Michael,Huang,1984-11-29,1703793721090141,ephillips@smith.com,Baloncesto,2025-06-04,Activo,2025-09-29
4MT64KW39Q3K2VM0N9IR,Robert,Johnson,1975-04-17,215527708101449,lauren63@andrade.com,Atletismo,2021-05-19,Vacaciones,2025-11-02
2S7M1LYC76PSZF6LCUDE,Matthew,Williams,1978-10-31,12887455986510,michelle16@solomon.info,Natación,2023-02-14,Inactivo,2025-10-02
XUU4DF4CEKRJVPXQD2HH,Dana,Davila,1994-05-30,16040696196921,jeffreywells@wilson.com,Fútbol,2023-10-17,Vacaciones,2025-03-14
T5DXJ1M60IZVRBUSZ4TV,Gabriela,Walker,1998-02-05,2680374131,ibush@wilkinson.com,Natación,2023-11-22,Vacaciones,2025-03-18
67JOS12TQ9KLZG8FKUHR,Rachael,Keith,1999-05-20,6756206065,desiree00@mayo-davis.com,Fútbol,2020-11-08,Activo,2025-09-06
TR0RPQWHGDC05NDBGHV5,Thomas,Novak,1981-02-15,0094478621,xturner@yahoo.com,Natación,2023-04-05,Activo,2025-02-01
BRMAB4R7UXBVH89ALS0A,Angel,Ryan,1970-08-19,2429186647476,kyle71@davies.biz,Natación,2020-03-19,Vacaciones,2025-02-27
RLKUA8V5EBQL7J9FTP5L,John,Mason,1991-01-06,131729459892464,gutierrezsuzanne@hotmail.com,Fútbol,2023-02-06,Activo,2025-07-06
UA3KM153NHINOHJGTXPH,Justin,Romero,1965-03-07,04182978445453,laurali@chan.com,Atletismo,2022-12-07,Activo,2025-09-05
M277JJJJBMRJK674FCIG,Cameron,Hart,1979-01-11,7496337502,bradfordaustin@gmail.com,Atletismo,2022-12-01,Vacaciones,2025-05-26
ZQ55PRWW83Y3GJO31Z4X,Jeremy,Blanchard,1979-11-29,6108944482649,taylor15@gmail.com,Atletismo,2024-01-26,Vacaciones,2025-11-04
M9VSOQD7DNG376PHKI9I,Lawrence,Garcia,1988-11-30,438701985700460,arnoldjeremy@romero-mueller.com,Fútbol,2023-09-15,Activo,2025-04-08
O3PN7PSS8MD3NY4XRNQC,Alexandra,Murray,1999-02-03,1343906566547,brenda72@berger.biz,Gimnasia,2023-04-10,Inactivo,2025-09-13
A0Z36E02XTYV80FTQESA,William,Pearson,1976-02-27,6203260687,karinanorris@robinson.com,Atletismo,2020-01-24,Vacaciones,2025-09-18
394PMJSA9ZEKGDOSRHBJ,Tiffany,Archer,1998-05-24,697804912815990,kimsuzanne@gonzales-hunter.com,Baloncesto,2022-06-23,Vacaciones,2025-01-13
M69R308L3FZHRHINYPX6,Alisha,Brown,1971-02-13,0645193470,mitchellwayne@gmail.com,Baloncesto,2023-10-20,Vacaciones,2025-03-31
K80XCLVR97RMIX0Y3Y66,Gary,Guerrero,1993-03-19,375386852304856,samantha27@hotmail.com,Fútbol,2021-09-21,Vacaciones,2025-09-29
URXS465NFU3HXWTD4JFW,Gregory,Johnson,1998-08-14,8286941366,bhoward@hotmail.com,Natación,2022-04-28,Vacaciones,2025-08-20
VQ1RSM6WCS3ZH8QOQHIU,Holly,Scott,1988-02-08,00185537252503643,phillip45@gmail.com,Gimnasia,2024-09-04,Inactivo,2025-02-25
YE8QHKVQB3KH194R2KER,Diana,Todd,1985-03-10,216831618479999,tbryant@hotmail.com,Natación,2024-10-29,Vacaciones,2025-05-18
AQHS2EE9P3R1MVRR8KBS,Crystal,Anderson,1979-04-01,0178267382506,daughertydanielle@murray.com,Fútbol,2022-12-13,Inactivo,2025-04-21
1A7RZOSP6D592B3EVCHV,Natalie,Mcdonald,1985-03-05,16735903465,meganjones@gmail.com,Baloncesto,2020-09-17,Vacaciones,2025-06-26
7DWOLFALB5G8ITZH35AO,Adam,Kim,1975-03-15,00183531079285781,ksanford@clayton.com,Baloncesto,2022-10-27,Inactivo,2025-07-30
Y1DM9MNNANF864FG0GPH,Roy,Brock,1982-01-18,7329892382,kendra32@hotmail.com,Fútbol,2023-05-08,Vacaciones,2025-05-26
JRJT24A6B0B2YX9I5SVH,Howard,Flores,1968-01-07,6249962450657,contrerasdavid@gmail.com,Gimnasia,2025-07-22,Vacaciones,2025-04-01
JBCVQ2NYPEO3P5ZKQSGD,Jasmine,Powers,1981-09-22,6404421235,tanya41@hotmail.com,Baloncesto,2020-10-05,Vacaciones,2025-11-04
3SMBSVLL2A9LDIOA7NVE,Stephen,Green,1972-06-14,00182028268949604,ortizjohn@flores-gill.org,Fútbol,2022-05-26,Inactivo,2025-06-07
8I8MM6N49HYHO3RL7556,Tara,Conner,1972-05-04,879044581776481,mirandacruz@trevino.com,Natación,2020-07-09,Inactivo,2025-10-15
FSBEEPMYAGP73TAGJIZ1,Daniel,Watson,1983-11-09,174859021026140,walkerjohnny@gamble.com,Natación,2022-11-21,Vacaciones,2025-03-02
J6F0Y4Z3SK6X88JRDNIU,Jennifer,Montgomery,1991-05-04,1916490402187,robert21@smith.com,Atletismo,2020-08-04,Activo,2025-10-25
JS6RWCJJI9HH1XEJRZGU,Christopher,Castro,1998-11-03,7621784723987,lisa34@gmail.com,Gimnasia,2025-11-01,Vacaciones,2025-04-20
PSQBLLAGNE02SWJ3PM3U,Alex,Roberts,1985-06-09,14483535323,qroberts@gonzalez-elliott.com,Gimnasia,2021-10-03,Activo,2025-05-21
B87RQKMVE3AMQ4Z1IXVJ,Katelyn,Shea,1983-08-24,2682552411,dylanparrish@collins.info,Baloncesto,2023-09-27,Vacaciones,2025-06-25
OV8KS17AE26DM7OKSLUT,Douglas,Green,1984-11-22,0344817959,mark46@howard.info,Natación,2020-08-13,Activo,2025-11-13
0ROM4QAIYH79TC4WSJHJ,Mariah,Ingram,1989-09-13,0011696722606823,williamchristensen@gmail.com,Natación,2024-04-03,Vacaciones,2025-07-16
TMWKOJHGVFFOTYUYY9DM,Brandy,Stephenson,2000-01-20,0018553217577,scottburke@hotmail.com,Fútbol,2022-10-13,Vacaciones,2025-02-08
LJJHM4YDJ1ZSAYR7CV98,Richard,Henderson,1976-01-15,4380363115,karensuarez@ruiz.com,Natación,2022-01-07,Inactivo,2025-10-06
GABBRGBCORI7JQ00306B,Charles,King,1996-02-24,0018301672768858,tiffanyparks@hotmail.com,Gimnasia,2023-12-11,Inactivo,2025-01-10
FYW3UZIEA7GXE5IT0KZF,Leonard,Nelson,1988-10-31,5592318090,gloveramanda@graham.info,Atletismo,2023-08-15,Inactivo,2025-04-23
VK9NLYFPYUZA4H3FM5H3,Lorraine,Torres,1988-11-16,17341002454,josephbrown@walters-jones.net,Baloncesto,2023-05-19,Activo,2025-04-02
RGCVBK1E805ONMPWJPPB,Ruben,Miller,1970-06-17,687664668708264,robert12@gmail.com,Baloncesto,2020-08-15,Vacaciones,2025-06-21
EVN3222TVY1DYPEJ6N1U,Kevin,Chambers,1980-12-31,6119316594,andrewsolis@hotmail.com,Natación,2020-11-12,Activo,2025-07-31
FQ26AB3C2X6YO48SBELD,Jennifer,Thompson,1968-07-10,145059075305621,williamsjoanne@anderson-reid.com,Fútbol,2020-03-26,Activo,2025-01-01
CTS6WIJBITGWOVZTV1JQ,Dawn,Fernandez,1979-12-20,4293714224574,brightjessica@yahoo.com,Fútbol,2024-03-17,Vacaciones,2025-01-21
DBXZAFCUDU6YF8H4ZJDP,Kevin,Harvey,1999-06-07,9370648325,kevinmurray@hotmail.com,Natación,2025-07-08,Vacaciones,2025-06-01
AYLB4BRFUBTOUVNO3CB4,Jennifer,Howard,1988-06-16,6428875054,marco18@crane.com,Fútbol,2020-05-29,Inactivo,2025-05-07
USUMJSWJBNKCG5CMRTJ1,Marc,Clark,1986-02-12,9486841022,georgemartinez@williamson.com,Atletismo,2025-07-29,Vacaciones,2025-07-22
IA7FQTAODKSEB0FK183R,Martha,Taylor,1999-03-16,0010468791019,whuynh@yahoo.com,Baloncesto,2024-07-21,Vacaciones,2025-08-23
PEY32UD64FDC81ZVQ70O,Heidi,Hernandez,1981-05-05,6847373851,cuevasgary@johnson.com,Natación,2025-01-07,Inactivo,2025-11-05
PMP25KKPMUPFN064M14O,Kim,Nichols,1970-08-04,8216768569245,jennifer21@yahoo.com,Gimnasia,2023-11-07,Inactivo,2025-09-02
M49JVGK6NQDK6GLSEOD0,Walter,Davidson,1994-04-10,1032128435,kristinnelson@simmons.com,Gimnasia,2020-11-17,Inactivo,2025-01-18
FERWY8COM7W86M4XQJ7L,Kenneth,Powell,1975-05-28,1085740765548467,angela29@morales-neal.com,Fútbol,2024-03-05,Activo,2025-10-24
B17YGSTH2YFYCAJEIC3Q,Julie,Marks,1997-11-22,84110890793182,jacksonbrittany@gmail.com,Baloncesto,2023-04-21,Activo,2025-09-20
081VOX0GLAFPZ3IP8TN3,Ashley,Thompson,1972-11-16,4032728854,haneyerica@hotmail.com,Atletismo,2022-01-19,Inactivo,2025-11-18
W78E7K9L56YYJK9OAJJV,Cory,Hill,1974-03-02,7657442300117,fmarsh@gmail.com,Atletismo,2021-03-07,Vacaciones,2025-04-12
M517IJCMHJABWWJK20EP,Edwin,Strickland,1966-11-18,1313342681096434,njohnson@vasquez-clark.com,Gimnasia,2024-10-22,Inactivo,2025-03-07
YZYJV62CMF07EHZGOESE,Robert,Wells,1980-11-12,8985666289,michael50@yahoo.com,Baloncesto,2021-09-01,Vacaciones,2025-11-02
DZI62P0M6WG8Z73KZGA8,Renee,Owens,1967-04-14,4786699834,iproctor@yahoo.com,Fútbol,2023-09-03,Inactivo,2025-10-07
Z287VY970CKC6OQBTKW0,Diana,Delgado,1993-08-30,0473228872,sandraking@kim.info,Baloncesto,2025-11-01,Vacaciones,2025-08-06
WV6Z60VOU63MPFHMZW19,Carolyn,Ramos,1984-12-21,12779223002,mark97@yahoo.com,Fútbol,2020-10-16,Activo,2025-02-16
EGCSZ01U4ZQWVPTSRHHS,Daniel,Tate,1982-01-16,162843200036237,jnewman@hotmail.com,Baloncesto,2021-07-31,Inactivo,2025-06-18
475QE5IRC86KMPAFXL1V,Samantha,Jones,1986-12-12,5041084082519,hicksnichole@garza-oliver.com,Baloncesto,2021-03-02,Vacaciones,2025-06-17
3W9O17OIQ45X7NX78I4H,Jessica,Dickerson,1966-07-24,00196658947947841,dustinbrooks@miller.com,Baloncesto,2023-09-10,Activo,2025-06-29
IP676V1KWJ1F8A4I9S9F,Kevin,Jackson,1966-12-10,7477543193,angela47@hotmail.com,Baloncesto,2023-05-22,Vacaciones,2025-03-25
EIUUKXCXG1PSQQBUMTPL,Richard,Anderson,1969-06-10,373005021490245,bethmcdaniel@yahoo.com,Baloncesto,2024-07-27,Activo,2025-03-03
K7KSY9QVUMAFTW0SQ1EO,Dale,Molina,1988-01-09,0012442620619291,cnelson@hotmail.com,Natación,2025-02-14,Activo,2025-08-07
SKLH23F1IR3ZCKKBLE9I,Elizabeth,Mcneil,1966-02-26,13868828047,lhester@schroeder-weaver.biz,Baloncesto,2025-02-14,Inactivo,2025-05-14
3IXKWJ132C8Q1XWRZNQB,Brett,Hester,1991-12-24,16880438399,phillipsjessica@hotmail.com,Natación,2024-02-15,Inactivo,2025-02-17
7HI0J60BCONSXM20ODMX,Danielle,Jackson,1991-06-29,138886587458300,evansjesse@hall.info,Atletismo,2023-12-25,Vacaciones,2025-04-15
S4XCAC9ZQLXH3LX2HISL,Breanna,Johnson,1999-06-07,875969505579965,zsmith@gutierrez.net,Baloncesto,2023-10-03,Vacaciones,2025-09-09
52F70445WZEB94WNXVMF,Ann,Lloyd,1984-06-03,15324716093410,mauricebarton@hotmail.com,Natación,2022-09-01,Vacaciones,2025-01-22
IKKFDEUKC8Z6Z8E8NWGI,Victoria,Trujillo,1985-08-01,996816744544026,michaelkramer@hotmail.com,Gimnasia,2021-09-02,Activo,2025-10-19
06GNXWLTTZFGY2BJ184V,Troy,Smith,1993-03-08,07311575407210,zsmith@chen.org,Baloncesto,2020-02-15,Activo,2025-09-22
W08U9AP7WZMJ7SD43ZQ1,David,Merritt,1987-05-14,1887348285427826,bnewman@atkins.com,Fútbol,2020-09-06,Vacaciones,2025-01-31
WZ2INK1B3W5YHY7BQF4R,Kathleen,Jones,1997-11-23,7290178909602,kimberlysilva@murphy.info,Atletismo,2022-05-18,Activo,2025-05-23
YNX9H1IJS14B6ML0X200,Richard,Dawson,1998-09-05,8333796234,holtzachary@gmail.com,Fútbol,2024-01-18,Vacaciones,2025-03-23
VT7LDOU105QFJC3OTKR7,Steven,Walters,1967-06-17,1982587130624714,richardmoore@peterson.info,Gimnasia,2025-03-21,Inactivo,2025-06-14
JGDY3SGYUPY8B0FW3EIA,Kristin,Stewart,1997-05-31,41267791576326,eileen51@gmail.com,Gimnasia,2021-08-26,Inactivo,2025-06-17
PO0UG97ZILF4I9299H9P,Krystal,Ross,1995-02-11,9063209698,xhicks@yahoo.com,Gimnasia,2023-09-25,Activo,2025-03-16
RID7SWJE6ENOGDI3PCKM,Isabel,Smith,1968-10-03,10798568268286,cristian49@yahoo.com,Baloncesto,2022-02-13,Inactivo,2025-04-19
T1KFA8PE4KAWX0PKTVR7,Ryan,Barton,1976-03-03,618339828984514,meganbradshaw@gmail.com,Atletismo,2024-05-11,Vacaciones,2025-11-13
PZHRFHE6GWN24PM7JVH6,Bianca,Ford,1976-07-16,149775124367272,michaelstewart@preston.org,Atletismo,2024-01-22,Activo,2025-01-11
Q5QOVAFG0OLV7UZ89M0J,Neil,Neal,1994-09-09,7808998813568,fbass@hotmail.com,Fútbol,2020-10-14,Vacaciones,2025-11-06
CZW7JRSLLZRSOD9CD8LN,John,Moore,1997-06-07,0014507635842094,griffinanna@hotmail.com,Baloncesto,2021-10-28,Vacaciones,2025-05-13
JE1XP13DE7YKCIPEUG4P,John,Gray,1988-08-08,11457482299,andrew36@gmail.com,Fútbol,2021-04-29,Activo,2025-04-29
U4SKMOOKUABZQPCRGVL7,Maria,Barker,1989-09-03,572586977955379,xaustin@herrera.com,Baloncesto,2022-07-10,Inactivo,2025-11-19
03SI8W2VHMPN264ARZBL,Christopher,Combs,1984-05-15,00143712026305797,elizabeth96@walsh.com,Gimnasia,2025-02-25,Activo,2025-09-12
2UBA0OILEPEHVU333EJI,Gabriel,Mcguire,1975-08-17,6197286120,taylorchad@kelly.org,Baloncesto,2022-12-10,Activo,2025-04-08
3WGEK426F4R7OX3QG736,Robin,Parker,1970-05-07,8610544227,ashley31@hotmail.com,Natación,2023-12-14,Activo,2025-08-05
VO64ZSW8BW73G7AEJUCV,Alexis,Soto,1968-06-06,969864805041462,doris42@cannon-mueller.com,Baloncesto,2021-03-19,Activo,2025-01-02
F5QSNZG8W96IR7SNWD6O,Christopher,Jordan,1992-04-19,0010395024582126,ivincent@yahoo.com,Natación,2024-05-31,Vacaciones,2025-05-31
KJBYOPB0AS5VV0GEC7Z7,Joshua,Sullivan,1998-02-14,0012918367095,emily60@craig.net,Fútbol,2025-09-17,Inactivo,2025-09-04
NT1VXWLT2LLBAROPD6DE,Stacey,Cook,1978-07-11,54113324813148,tle@gmail.com,Gimnasia,2023-08-15,Inactivo,2025-08-04
BH74XS215VM5A09QCF3M,Kayla,Rowland,1972-04-06,419395927372260,clifford90@hotmail.com,Atletismo,2021-06-26,Activo,2025-02-05
ZJ2LA6OUXRK0HK31S9C6,Adam,Rodriguez,1999-06-02,6423925348,justinmills@hotmail.com,Baloncesto,2022-11-15,Inactivo,2025-10-13
N07V6WOEDU1O9DIZHUMC,Brett,Mitchell,1970-01-14,0019487554558058,patrickwilliams@gmail.com,Baloncesto,2025-08-12,Inactivo,2025-02-05
VELAXF9GYC83G9YTNTU9,Dennis,Drake,1999-01-12,00129833944697259,james66@acosta.info,Fútbol,2020-10-09,Inactivo,2025-02-07
M9JL649SQL5NYE79XTHQ,Kristine,Hodges,1977-05-10,1851598853261,angela28@shaw-burns.com,Natación,2020-02-05,Inactivo,2025-03-27
RAG5IDRGXOLKZM1JMXSD,Michael,Joseph,1983-03-12,1428993878047897,qpalmer@yahoo.com,Baloncesto,2022-07-06,Activo,2025-11-18
P8UH267OZMQ6HSC2BM7B,Jonathan,Wolf,1992-02-24,1521620865,anthony56@rose.com,Atletismo,2022-01-14,Vacaciones,2025-04-02
P8NBLS3A71UL7X9H5WI9,Debbie,Noble,1982-07-24,5538905974,danny96@gmail.com,Natación,2022-03-25,Activo,2025-08-12
HKSL147S93JVXJUXE7NP,Sarah,Hansen,1968-01-04,00159914641235267,gcruz@hotmail.com,Atletismo,2020-06-17,Inactivo,2025-03-05
62UX058GJDJ9KG1PBLUJ,Robert,Coleman,1989-06-18,00138258617667790,nicholas36@ellison.com,Fútbol,2025-10-24,Inactivo,2025-05-10
3NQOFPAKHTLJ47EPLE8C,Trevor,Ray,1995-05-08,5665638591,wbenton@douglas.com,Baloncesto,2021-08-20,Vacaciones,2025-08-19
U24PYADWTVZVK3BOQM2R,Austin,Taylor,1974-09-24,7961737905,jennifer44@villanueva.org,Baloncesto,2021-08-03,Vacaciones,2025-03-12
V4H6PHM4RS6GAY5Y93MV,Christopher,Wang,1966-06-06,14707115625,jorge11@dickerson-alvarez.com,Baloncesto,2020-07-07,Inactivo,2025-01-22
AF8392MJRR37HMQ31KKF,Stacy,Norris,1973-01-24,149956482975864,keith47@hotmail.com,Atletismo,2020-11-11,Vacaciones,2025-02-23
07MYM8PH3E6YQ3E09J4P,Patricia,Valenzuela,1975-04-24,14714479590,devonmorton@yahoo.com,Natación,2025-03-17,Inactivo,2025-08-03
P4SYKTFFM1ZV34FXHD5L,Paul,Warner,1984-03-10,93025839739939,jamesjacobson@yahoo.com,Fútbol,2022-03-28,Vacaciones,2025-08-19
VCAENSO4KYZD9MH211JA,Jennifer,King,1973-06-26,0915969004,jjames@thompson.biz,Atletismo,2020-02-12,Inactivo,2025-04-22
6SY747DET3UOX39A0YOJ,Christopher,Beard,1978-05-03,774532734601805,zblankenship@yahoo.com,Atletismo,2025-08-23,Vacaciones,2025-11-08
EPXW1OMKWXDG2KS7UR0I,Shawn,Dougherty,1974-04-10,537127981988104,sara46@gmail.com,Natación,2020-11-14,Inactivo,2025-09-07
SFECWCL372DW3MWE2C37,James,Good,1991-10-06,11786535480,ramirezamber@hotmail.com,Gimnasia,2020-10-09,Inactivo,2025-02-09
CWMX9I564VPI39RYBQXT,Jeffrey,Taylor,1977-04-01,5971063070,gomezmark@hotmail.com,Gimnasia,2020-06-18,Activo,2025-03-11
15PY0PBAVSNQV6GAROZS,Kenneth,Taylor,1987-10-10,6241924314,msanchez@yahoo.com,Natación,2020-02-17,Vacaciones,2025-04-28
KWASTJ6DVKSUD7RAG3OY,Devin,Webb,1970-05-31,7330580839353,thomas28@yahoo.com,Fútbol,2025-07-24,Inactivo,2025-01-29
TG9065NE2XG732JBCK88,Robert,Briggs,1999-11-22,9628621017753,meyermark@hotmail.com,Gimnasia,2024-02-07,Inactivo,2025-11-17
NW9VGZH6ZMA8Y0EC3T1O,Jay,Gregory,1971-05-06,182016547673559,lynchraymond@kelly-hernandez.com,Atletismo,2021-09-11,Vacaciones,2025-05-10
EQ53QVOFZ59S3RAQ3A5H,David,Murphy,1977-05-07,758094607129613,richardsonwhitney@hotmail.com,Fútbol,2024-11-29,Inactivo,2025-02-10
8BQ0V41SE10OQN0CDMMH,Laura,Bailey,1982-03-31,18046028867,udunn@williams.com,Baloncesto,2022-05-20,Activo,2025-09-13
KFM6GSJUTLO8Y8ABXMRH,Grace,Mason,1983-02-21,2324001003,bankssierra@hotmail.com,Natación,2021-08-06,Activo,2025-09-05
3AGRWF3YHLC67CB37XOT,Dale,Garcia,1990-01-11,14203370681440,madeline32@hotmail.com,Baloncesto,2022-10-24,Inactivo,2025-09-01
VKFASBUZV24U676Q34VM,Holly,Williams,1985-09-23,9250859570628,oyu@hotmail.com,Fútbol,2020-03-02,Inactivo,2025-09-15
QO4S5J5IU2J2VZFORHM6,Allison,Dennis,1968-08-09,3623321198,hermanlisa@yahoo.com,Baloncesto,2025-07-14,Activo,2025-10-05
TGND78U21LMSWI19NM0F,Jeremy,Webb,1988-10-03,808890854171371,lrodgers@reed.com,Baloncesto,2020-02-25,Vacaciones,2025-04-05
YSWZGJASPEPHMJVC3WXJ,Paul,Johnson,1993-11-04,103997436935639,pthornton@hotmail.com,Fútbol,2022-08-23,Vacaciones,2025-09-29
UM294F42V1F9J76CJZG0,Anne,Jimenez,1979-07-22,2155132748,bkim@harris.com,Gimnasia,2023-11-20,Activo,2025-09-28
4SAQCUR0FZ5XPCCZQTLN,Jesse,Taylor,1998-08-30,57816488757988,daniellerobles@yahoo.com,Fútbol,2025-10-09,Inactivo,2025-04-30
929Z2M1OJPZAZ2J7BJWU,Victoria,Allen,1978-03-17,00135907726626750,evansshannon@valentine-graham.com,Natación,2021-05-12,Activo,2025-05-27
FTRZ3XZPZQQ2MTYMPUYT,James,Bullock,1980-11-10,12026680309093,lmolina@cordova.info,Natación,2024-10-15,Vacaciones,2025-07-27
Z4TG6GHOX9VM6QSKS53K,Eric,Graham,1991-10-10,8207464461,kgordon@gmail.com,Baloncesto,2025-10-15,Vacaciones,2025-10-16
PWBB2NXYWKRNLT6SQAWC,Dominique,Molina,1984-05-11,5288649582,aguilarmarie@pacheco.com,Fútbol,2021-05-29,Activo,2025-05-02
N07NULTGW5JC5ONQU1Y9,Krista,Allison,1987-11-04,664960976112495,leslieballard@hotmail.com,Fútbol,2023-03-18,Inactivo,2025-09-23
JNHC0NUVVH0JLON4FEGR,Dennis,Rivers,1974-03-21,16051515190832,rtaylor@yahoo.com,Atletismo,2020-07-06,Activo,2025-07-23
RB8VG908LQ9RYY7941IZ,Brenda,Charles,1981-09-29,00104450470194601,anthony46@yahoo.com,Gimnasia,2024-02-17,Vacaciones,2025-08-24
Q2WUB28SW25T1178M5HY,Carlos,Willis,1998-01-26,0723096525957,martineztaylor@gmail.com,Gimnasia,2021-09-28,Activo,2025-10-21
CVVNOLBC24VJCVSTMT6R,Judy,Davies,1997-07-16,0019591405028,david00@lane-nelson.info,Natación,2022-10-04,Vacaciones,2025-08-02
4K3EFO2UBCOD2O3V2LFN,Brittany,Johnson,2000-06-10,310372030033464,christineruiz@moss-harmon.com,Atletismo,2022-06-14,Activo,2025-07-11
2OP29ISU22OL28VET1QT,Kevin,Reeves,1974-10-21,15729904582816,dholland@yahoo.com,Gimnasia,2024-12-18,Activo,2025-05-30
0MJIQRLE2KV2MJRM9M4N,Daniel,Rose,1983-12-08,7695748688288,garrettpatty@hotmail.com,Baloncesto,2020-01-01,Activo,2025-04-26
K1KRI2EI3MICU7NHSOF5,Courtney,Tyler,1975-07-26,1777051813454516,duanebarber@hotmail.com,Fútbol,2021-03-25,Activo,2025-10-31
RW72LA9XXUCXWUEGBRL1,Bonnie,Mann,1992-10-02,0013042561976,scott39@stout-nunez.com,Atletismo,2025-06-17,Vacaciones,2025-05-04
WM77TLP5KXI07JVJSPZK,James,Mcmillan,1972-03-26,7508913521,kbrooks@stokes-gonzalez.com,Atletismo,2021-12-17,Activo,2025-04-18
921GNTV9VAZ6QCACIEY0,Jessica,Calderon,1984-07-15,1545486503587787,byrdchristina@hooper.com,Atletismo,2022-12-13,Activo,2025-04-14
9I2MDFRCPI40OERG0BXI,Tonya,Smith,1992-12-15,00178495019032313,jimmysimmons@jackson.com,Atletismo,2023-07-12,Inactivo,2025-10-22
YTWNG0OP8P0T7F050HNS,Chris,Rodriguez,1965-03-27,4224860812,fischermelissa@franklin-carlson.com,Natación,2022-02-19,Vacaciones,2025-02-05
RRFS3VFIT8RHP4HUTHUI,Tiffany,Yang,1969-12-03,1176450841,johnsonmegan@yahoo.com,Natación,2025-01-12,Activo,2025-08-16
4DLPSDF33DAO22ZADWZ8,Luis,Johnson,1989-03-05,313161770758674,pamela95@henry-garcia.biz,Fútbol,2020-08-31,Inactivo,2025-04-23
C3842LPM4Z394FIHY5QW,Steven,Atkinson,1980-01-12,24354114722410,skerr@long.com,Fútbol,2021-01-08,Inactivo,2025-05-11
Q8GCJSS7Y3RSEOHWWK1T,Rick,Good,1978-09-19,3913312944,taylorcourtney@mendez-lane.org,Gimnasia,2023-08-26,Inactivo,2025-05-05
UE48I9JLQSZRCBOTAYJV,Emily,Golden,1970-06-20,6168812692,zimmermansamantha@lee.biz,Baloncesto,2021-09-24,Vacaciones,2025-03-31
HZMN2FJTR2NI1P6Q49B1,Shelley,Hensley,1980-10-18,0015901660757684,bobby61@gmail.com,Atletismo,2022-04-29,Inactivo,2025-10-13
BPRIAM2CMO4XU9GFC1YD,Brad,Morrow,1984-03-01,13020891732444,tiffanyanderson@white.com,Fútbol,2021-08-27,Inactivo,2025-03-27
MIAJMNHYI0YL0LSIL6M7,Nathan,Butler,1978-04-09,7180479624114,qmyers@gmail.com,Natación,2023-09-24,Activo,2025-10-28
IDTOTBMB5TTGQ06UJIPP,Jeremy,Peterson,1979-07-21,0012810909697683,sean46@hotmail.com,Atletismo,2023-11-23,Inactivo,2025-09-02
2XB9K5DWBC0UJCMN1P3L,Patricia,Jackson,1972-11-05,0017880640510752,rlivingston@reyes-stuart.com,Atletismo,2021-12-05,Activo,2025-09-04
RD1X2394ON02SPQERINL,Jose,Baxter,1987-12-30,4591800121843,mathisjoy@yahoo.com,Gimnasia,2023-11-15,Vacaciones,2025-10-25
63BFDMVI9GYTJPH2FA4F,Benjamin,Diaz,1969-02-12,0015620787809535,michael63@thomas.com,Baloncesto,2021-06-14,Inactivo,2025-05-29
DQW5SAEGW01HJY3ZPZ94,Marcia,Beck,1972-12-30,8441075229980,palmerandrew@gmail.com,Baloncesto,2025-06-28,Vacaciones,2025-07-29
5WYWBOCL0NFZ8FCZWX7N,Frank,Mason,1966-02-24,170352559173009,brianmoore@adams.org,Baloncesto,2023-09-19,Inactivo,2025-01-19
FAW0L4BVUK0RIWKS1D1D,Joshua,Williams,1997-12-22,2518094482,pjohnston@hotmail.com,Natación,2020-03-04,Inactivo,2025-07-21
MJVAVO948AGCXGVB555F,Isaac,Walker,1970-09-05,3834397588,davidstrickland@hotmail.com,Gimnasia,2024-07-14,Activo,2025-07-19
RF86XJSN56BTR18XDBBG,Rebecca,Holmes,1977-07-10,00151184817737166,hannahcarter@greene.org,Gimnasia,2025-11-18,Activo,2025-01-01
TPSKBY2V1EU3J8JUBGOB,Samuel,Wyatt,1983-02-13,001083534142887886,ronald27@yahoo.com,Gimnasia,2025-04-03,Activo,2025-06-01
LMXOLXBCC7I1TRQ3SHR8,Manuel,Anderson,1990-07-01,155349762488799,jonathan27@gmail.com,Baloncesto,2021-11-18,Inactivo,2025-07-24
AC8REQSBV226DCSSTZG4,Stephanie,Marshall,1995-03-14,00164144018802576,tylerromero@long.com,Atletismo,2020-06-29,Vacaciones,2025-03-16
IPGOBMXJRY1O42SZ0DMT,Tammy,Robertson,1990-02-12,7922262948,mzavala@hotmail.com,Gimnasia,2023-04-14,Inactivo,2025-01-18
ZHZ7E66XTQI0JQPB0BPG,Jermaine,Todd,1970-09-13,7861558865,anne42@gmail.com,Fútbol,2022-12-16,Vacaciones,2025-09-10
HHWRT02H3I6ZJBNX8VX3,Andrea,Estes,1968-06-01,937034669956190,brandonjones@hotmail.com,Fútbol,2021-03-31,Vacaciones,2025-07-20
LIC9U28FAZ6CZZBIES8P,Miguel,Craig,1985-07-08,00136852945038939,howellstephen@yahoo.com,Fútbol,2020-05-19,Inactivo,2025-01-20
CD9WEA50OUM3STLWYE1R,Douglas,Robbins,1998-09-19,12422367158503,ipineda@harris-mccoy.com,Atletismo,2025-11-01,Activo,2025-10-27
JLL9BXXHU1UEBYLJIMVO,Colleen,Rodriguez,1984-11-02,6520133077,yjackson@yahoo.com,Atletismo,2022-11-14,Activo,2025-11-09
LLR55MCQ09LGAAO14H15,Jennifer,Dyer,1966-02-12,4671695608,barnettcody@hotmail.com,Gimnasia,2020-06-08,Vacaciones,2025-09-11
JT8JN14M58V9371FXIPP,Joan,Sanders,1984-12-14,18191319154929,reeseanthony@hotmail.com,Fútbol,2022-06-11,Vacaciones,2025-06-16
SS06F64O6ANZFLKSNBWX,Christopher,Walker,1968-11-23,0011868063825238,howelydia@yahoo.com,Baloncesto,2020-02-12,Inactivo,2025-05-29
HW9UVUKX39273X84YAOV,Adam,Elliott,1992-03-15,16742282193,ryansanchez@maynard.com,Fútbol,2023-05-10,Inactivo,2025-08-18
CHVRT4IIEO3GUNA1T5QX,Elizabeth,Short,1998-02-13,40648373347729,dparker@gmail.com,Atletismo,2024-11-09,Activo,2025-05-24
PBUNJKA6O4Q6YZUHG2K7,Matthew,Mosley,1995-03-31,0015906805187422,nanderson@smith.net,Baloncesto,2021-07-23,Vacaciones,2025-03-10
UQDI4IQQVUU1X0KJEE9B,Barry,Frey,1986-04-20,00024128565270,jespinoza@hall.info,Fútbol,2020-03-22,Vacaciones,2025-11-05
ERQ8CCJGF3RSOL8H2TA1,Tina,Snow,2000-06-05,0013133274145315,jeffreybishop@gmail.com,Fútbol,2022-04-10,Vacaciones,2025-07-16
95WKHGGB77RH8D3EMYZW,Sabrina,Brewer,1990-11-26,132175872818659,rachel45@yahoo.com,Baloncesto,2023-11-08,Vacaciones,2025-08-06
VTPZ68Y5PM7IM66EB814,Michael,Hogan,1986-12-29,9591066437,mark58@yahoo.com,Baloncesto,2023-12-23,Inactivo,2025-11-13
BMECFLPNUDKQOWFVF2DS,Linda,Strickland,1997-04-25,2850350377,sharonthompson@hotmail.com,Fútbol,2020-11-04,Inactivo,2025-07-21
2Q3CXJIITFPXVP6W2DBA,Ana,Smith,1979-11-05,124123870218331,lee79@hotmail.com,Atletismo,2020-12-13,Inactivo,2025-03-20
MZSBUBP9U75176JYKGYV,Jessica,Waters,1991-06-05,4697555136,normaparker@rich.com,Fútbol,2021-11-18,Activo,2025-03-05
AYMKDSLO7FAXHZQYWR9Y,Kimberly,Li,1990-05-10,7832731989,tbrown@adams.com,Gimnasia,2020-04-23,Activo,2025-07-16
QZGH5MFSTRZA3R1TO906,Michelle,Mcfarland,1987-03-04,3614812904,kyle11@yahoo.com,Atletismo,2021-06-13,Inactivo,2025-05-07
KYGISNO0KTCPJLVH02SS,Crystal,Clark,1969-09-16,0014268071286885,franklinadrian@yahoo.com,Atletismo,2023-04-11,Activo,2025-08-01
3YEAUL7065YSZH1ZHWL4,Rebecca,French,1966-08-09,5567934986,robert10@wilson.com,Baloncesto,2022-08-13,Inactivo,2025-03-28
2SPLM8M50FQXA627952C,Douglas,Lopez,1969-10-28,90101974565266,christinemata@baldwin.info,Atletismo,2025-06-29,Vacaciones,2025-03-25
DDQ4SQIX849ZFQBCWDIE,Courtney,Moore,1983-08-21,4768023908,williamlloyd@yahoo.com,Fútbol,2022-03-05,Inactivo,2025-02-11
FHWUFIQD23ATOBNCJOT8,James,Garcia,1999-08-13,9265635908725,kristinasmith@yahoo.com,Baloncesto,2025-01-24,Activo,2025-10-25
BNCDW1E4H4VIRG8OLNW4,Sara,Gutierrez,1989-09-04,0197179528,david40@martinez.net,Atletismo,2022-03-19,Inactivo,2025-10-10
KXJ07S2WIV4XKJ4NW50D,Douglas,Wu,1980-01-02,139550862427262,rogerschristine@gmail.com,Fútbol,2023-12-03,Inactivo,2025-06-15
2P1MNP81ZADLG0JNH1YS,Deanna,Bennett,1982-03-17,2509260695,elliottbradley@hotmail.com,Fútbol,2025-07-12,Inactivo,2025-07-22
250CYZAM6HOJPZKOJLOG,Brianna,Perez,1995-11-21,4230881236736,kimcontreras@hotmail.com,Fútbol,2023-03-13,Vacaciones,2025-09-01
0XTFRL7NK8SAIXPSKESP,Pamela,Schwartz,1997-12-24,971780919105700,scottrodriguez@hotmail.com,Gimnasia,2020-06-23,Activo,2025-03-07
EA7UCKULQ8VYPWTJA7FL,James,Smith,1967-12-25,8452209238,manuel43@wang-reynolds.com,Gimnasia,2024-10-05,Vacaciones,2025-09-05
EVQBEPPFJSOGRK6Z2YQG,Monica,Wise,1991-11-30,00128879643873996,parrishbianca@brown.biz,Natación,2020-07-23,Vacaciones,2025-09-25
89MQ67KPC35FJSDTDLMN,Justin,Ross,1965-12-01,3125526601,tgray@johns.info,Fútbol,2020-10-28,Vacaciones,2025-09-19
CZFUVGQMK58R5CT9LWPZ,Miranda,Hunter,1983-07-19,4701400446,stewartmelvin@yahoo.com,Fútbol,2020-03-03,Activo,2025-06-14
SUL96KF290NCLJUQUIQQ,Scott,Gonzalez,1970-09-26,893151407227467,gduffy@white.biz,Atletismo,2020-05-07,Vacaciones,2025-10-29
CSH7F78TAIZRLUHCPHOA,Alicia,Cole,1981-07-26,0937380890,sheilawhite@mccarthy-bush.net,Natación,2025-04-23,Activo,2025-07-30
J2NGXDYCM1CDWMTYJU4T,Angela,Rodriguez,1991-09-15,179698998229029,ukane@hotmail.com,Natación,2022-07-08,Inactivo,2025-01-08
57Q71A7BGGCJK679NPM6,Danielle,Allen,1982-05-29,6889354735773,mitchelllawrence@roberts.com,Fútbol,2025-04-03,Inactivo,2025-11-10
OGFC510FZ3WTQ66TXJIR,Gregory,Brown,1966-12-12,1745819843,brent82@hotmail.com,Baloncesto,2021-02-07,Activo,2025-08-26
B3OY1Z9X9BWAXDOGIUSD,Alexander,Cox,1988-01-19,071274659453218,jking@gmail.com,Baloncesto,2021-01-17,Vacaciones,2025-07-26
QJ18S8JIOF92BVJMI8QK,Brenda,Woods,1999-10-03,17299448219,michael13@hotmail.com,Baloncesto,2024-04-15,Activo,2025-04-28
FN4YCQN0JS14QN84350Y,Calvin,Gaines,1979-03-10,0015029177748297,danielle20@jones.com,Atletismo,2021-11-09,Activo,2025-01-15
22W6755IT3ZFJKCTF3FG,Tara,Miller,1990-05-14,9531293114849,anna27@gmail.com,Gimnasia,2022-07-08,Activo,2025-09-30
KQWLX7H6QZ90X5487JQS,David,Hopkins,1999-05-01,001524166735610851,matthewssarah@keith.net,Fútbol,2025-07-07,Vacaciones,2025-06-06
TOOI5WB015Q0OUSKKY9F,Anthony,Nichols,1979-01-29,13089840890858,kimberlyowens@wallace.com,Atletismo,2025-07-03,Activo,2025-06-22
PW66W4CY3WH7AAQP0Y04,Laura,Stout,1978-06-19,9995637301294,jane13@hale-king.com,Fútbol,2023-10-05,Activo,2025-04-17
E6SUS9SW7EL7XCY55HVT,Ryan,Larson,1997-09-19,5429623660,marybrown@byrd.com,Gimnasia,2020-12-08,Vacaciones,2025-09-17
NANIFLBFITV2UMC6VS1O,Thomas,Hinton,1993-01-15,12672029604093,petersonlaura@gmail.com,Gimnasia,2022-03-30,Vacaciones,2025-10-05
RS0HBYYVQJK0C27PKME9,Cindy,Martin,1967-09-07,462604667956209,terri41@williams.com,Gimnasia,2024-01-02,Inactivo,2025-10-18
Y0U6FU9XNS948PB8NL3X,Darius,Lane,1976-07-12,157990598765351,jillian83@hotmail.com,Fútbol,2025-10-06,Inactivo,2025-08-07
YDP2QFSUJUKUU2FA6IGM,Christopher,Skinner,1982-10-22,177863046602216,riveracandace@gmail.com,Atletismo,2022-02-23,Inactivo,2025-05-28
9ZYZNWLB1REZJXRM8D0Z,Leroy,Dominguez,1973-07-01,1394411908,coltonhill@smith.com,Baloncesto,2022-04-06,Activo,2025-02-04
12RS4US5MFHBIMP63P0P,Melissa,Frazier,1974-10-24,2559999406,zbennett@hotmail.com,Gimnasia,2024-11-25,Vacaciones,2025-06-05
9VMNJS13BNN2Z37Q2K67,Sarah,Leon,1969-10-31,3147248433,ryangreen@gmail.com,Natación,2020-04-23,Vacaciones,2025-02-09
SJIBQ5M8CSE56IBS1RYL,Kevin,Wood,1972-05-29,0554708303,erikawalter@vazquez.com,Fútbol,2020-06-09,Activo,2025-08-15
EA61YJFY8EGIMKFEMS1Z,Shannon,Perez,1989-12-04,026110027346670,qgalloway@hotmail.com,Natación,2024-02-14,Vacaciones,2025-11-10
TM9ZNZDAJEFB6WUSNQ2R,Kristen,Simpson,1998-04-15,5341585130074,joshuamiller@yahoo.com,Gimnasia,2020-06-18,Vacaciones,2025-08-26
UT7B26KHJZVH3RXPY9GU,Luke,Barton,1988-03-02,0014283865593,wisejoseph@sweeney.com,Natación,2020-05-15,Inactivo,2025-10-28
CYJBM2EJPC5NEZSYAXHJ,Linda,Freeman,1988-08-03,895884094573010,josephstephens@solis.info,Baloncesto,2020-04-29,Vacaciones,2025-04-15
I8QFK2KTE1ACCBCFFGWN,Deanna,Glass,1993-03-16,43153550162168,ksmith@buchanan.com,Fútbol,2023-05-19,Inactivo,2025-03-25
KSV9VKF599SW3Q0L6IQG,Preston,Wade,1988-12-10,00120530815426963,joneschristopher@gmail.com,Baloncesto,2022-03-16,Inactivo,2025-09-25
ERACPQ8204TV9PW78KAX,Mallory,Fritz,1988-04-28,539235152774612,lboyer@williams-morris.com,Atletismo,2022-03-06,Activo,2025-08-14
HO4VW08HH1QYWG6LSME6,Maria,White,1970-09-10,4976289835,walkerdavid@walsh.com,Baloncesto,2023-11-27,Vacaciones,2025-05-06
4WO6UCB93IVE4UCHYPTJ,Marcus,Jones,1999-11-26,288244219750594,reedryan@hotmail.com,Gimnasia,2020-05-05,Activo,2025-07-22
WA7ERLE6OGUIE2MY72HP,Lisa,Johnson,1980-08-30,57282366197331,joshua54@hotmail.com,Atletismo,2021-02-19,Activo,2025-09-24
JWKYL2GBGXP815Y73XU1,Richard,Rodriguez,1995-03-29,99274438597523,josephgutierrez@yahoo.com,Gimnasia,2024-08-14,Vacaciones,2025-03-05
ULDSSOJBB4JS5GHCVOIM,Michael,Davis,1970-02-25,30723216834303,ydouglas@chambers.com,Natación,2021-01-15,Activo,2025-10-18
P97NJZF41EGQGU5K442O,Brian,Crawford,1999-11-29,0014650388093799,karengomez@yahoo.com,Fútbol,2022-10-12,Activo,2025-07-25
G1ZH2JV0U2080WD3AL6Y,Victor,Campbell,1973-07-10,00147270419547916,nicolemiller@hernandez-nielsen.com,Fútbol,2020-07-26,Inactivo,2025-08-28
X34NYKXIM23A8P3F24M3,Mary,Rivera,1989-10-29,5637160771167,miguelstewart@mcgee.com,Gimnasia,2023-06-05,Vacaciones,2025-06-09
T4PRX2DVFFSLUTK4BKS0,Cindy,Hutchinson,1988-09-10,2055241951581,andrew16@gmail.com,Natación,2024-11-11,Activo,2025-10-01
84XFTTMRN7N92JBRUBX3,Denise,Edwards,1965-10-14,11902190977,jamie32@clark-morgan.com,Fútbol,2021-12-12,Inactivo,2025-06-17
055A8PO8EAL3RFLDH8M4,Derrick,Anderson,1976-10-06,6576364420,henrymarshall@cook.com,Natación,2023-11-05,Activo,2025-03-12
RVSVIWRPKC653JD5LXZN,Richard,Hurley,1980-06-30,0010850247255,derek10@taylor.info,Fútbol,2021-06-02,Activo,2025-08-06
1NX5ACYRDZYMB9NK0KTQ,Richard,Bryant,1996-08-11,898879014488313,lindsayyates@hotmail.com,Atletismo,2021-09-29,Inactivo,2025-03-06
4VNNZQ2T40UI7UVR2TEJ,Randall,Cruz,1998-05-05,802294726349375,devin73@le.biz,Fútbol,2021-06-29,Vacaciones,2025-02-16
IEELJOPRW1RR55YZ2QBN,Jaclyn,Mann,1995-03-07,001708029211030921,qaguilar@watts.info,Fútbol,2021-06-25,Activo,2025-06-30
BR3LI6W8JUVAMCBL9C76,Wesley,Watkins,2000-02-22,0015734775596241,vbaker@george-brown.com,Gimnasia,2022-09-06,Activo,2025-05-21
7D8Y7DTPUYWFHAP4BXH9,Sonya,Brown,1972-10-17,3700944067596,wilkinsonmichael@stewart.com,Baloncesto,2020-04-08,Activo,2025-02-21
O2J1XBFT0H6A02ZJPWZD,Robert,Thomas,1977-09-03,0842109898046,prestondarius@gmail.com,Atletismo,2021-08-07,Vacaciones,2025-07-25
BVQK4UGLSZQ9GSOF7Z4T,Michael,Moore,1984-10-29,408906614652047,ricardo28@nunez-turner.com,Natación,2024-02-28,Inactivo,2025-09-27
G6KGDSFOGYOACF3842KH,Matthew,Johnson,1967-08-07,7569120702961,jacqueline86@hotmail.com,Atletismo,2022-08-26,Activo,2025-02-01
NKSMCJNZHGUSG7OANVKE,Russell,Bird,1983-11-13,5509506671,brycegreen@brennan.com,Atletismo,2020-05-29,Inactivo,2025-07-14
Y9C562KF8D43NRQCD60I,Kayla,Jackson,1970-02-07,19270821002,melissamorales@gmail.com,Natación,2021-11-09,Inactivo,2025-06-01
GGNENK9O68FJ2VY7ON8A,Courtney,Randolph,1981-11-11,849507523632481,vpadilla@gmail.com,Fútbol,2020-10-13,Vacaciones,2025-06-15
Y81CRUSH42XTD0CS9LVQ,Billy,Becker,1986-07-04,3608960248,olsenbethany@yahoo.com,Atletismo,2021-02-15,Activo,2025-10-13
1730SBOJKPJYTXC3A7NG,Caroline,Frank,1974-08-05,166104941356393,ngibson@yahoo.com,Gimnasia,2025-07-21,Vacaciones,2025-11-03
QXZD2B5J1FOAI7ZW5DU2,Daniel,Garcia,1981-12-15,3503175921,richardrodriguez@riley-wilkins.com,Baloncesto,2021-01-08,Inactivo,2025-02-21
MDL5YZ8VJ3NUZQWKI0YR,Carolyn,Brady,1998-08-20,0624316533056,holderelizabeth@short-allen.com,Fútbol,2022-05-12,Activo,2025-06-27
9VI8P1O92BH1WLTAVACR,Chris,Welch,1990-10-30,6887340105,smithjack@hotmail.com,Atletismo,2025-06-21,Inactivo,2025-07-01
ZG5X12F6L1K7J2AQJOEX,Alison,Smith,1979-09-26,6839105073,riverastacy@davis-mitchell.com,Natación,2022-02-12,Vacaciones,2025-02-07
TFXJ59FQUW7FPUT069WY,Anne,Baker,1986-10-06,1521426658,kaylaramos@jones.com,Baloncesto,2020-09-09,Inactivo,2025-08-04
KHJOZGV4THO920SMWQE1,Donna,Ross,1992-03-22,11788877382,anataylor@hotmail.com,Fútbol,2023-10-19,Activo,2025-02-02
RFNVDS81HU363GT0DLAS,Annette,White,1995-07-19,1237958215764773,uglenn@evans-harris.net,Fútbol,2021-12-19,Vacaciones,2025-11-15
EZI71UC78RUOC2PFC8AE,Brittany,Mcmillan,1983-07-09,00100829348750864,rachel41@gmail.com,Gimnasia,2021-09-25,Inactivo,2025-11-03
ADBIBDBYYQM09K6ZQNJ2,Beth,Cohen,1986-12-13,525242685298309,timothywilson@johnson-travis.com,Atletismo,2022-11-11,Activo,2025-02-08
7JI86D6L8PP1LM2XO5C8,Anna,Brown,1973-08-28,1140126013582539,qking@gmail.com,Fútbol,2023-09-26,Inactivo,2025-07-30
CKS6XHOXAAT0Z6BCYMAV,Courtney,Turner,1981-11-27,761273251694252,haley16@jackson.com,Baloncesto,2023-04-12,Activo,2025-05-10
XVPY9OS5WTHGNS6L6DWG,Alexandria,Wagner,1986-08-08,313611862844780,nicholasking@hotmail.com,Natación,2022-11-07,Inactivo,2025-10-02
DQ6SU313TT6OCKL6YA1D,Veronica,Mitchell,1977-03-17,0012836701169703,autumnsmith@yahoo.com,Gimnasia,2024-07-03,Vacaciones,2025-06-07
91WD9WDTFPHH552C0ANW,Joseph,Brown,1989-11-01,87177813000899,umorales@carter.com,Natación,2020-12-13,Vacaciones,2025-01-21
T4UOTSWF63X3TS26LXET,Christopher,Lin,1988-11-03,81714267658146,trodgers@yahoo.com,Atletismo,2022-10-14,Vacaciones,2025-10-16
8S6PGQJBGU7K3E993GLP,Kevin,Weber,1999-09-20,1860953240541,bbrady@hoffman.com,Fútbol,2020-05-03,Vacaciones,2025-10-21
LD499SDP6TW28WP388FW,Christopher,Walker,1987-04-28,14045459492,thomas68@gmail.com,Atletismo,2024-09-15,Inactivo,2025-06-17
AEKR9HJWPZ1TJT565LBU,Sean,Pope,1989-09-09,331596877610139,james65@morris.net,Gimnasia,2022-01-15,Vacaciones,2025-05-31
SW440MHFUN1M1JII7ADY,Patricia,Torres,1974-11-14,1429136268,davidanderson@gill.com,Atletismo,2024-05-25,Vacaciones,2025-08-19
5P4XP7V1XZWP1R4YCMUA,Barry,Huang,1994-04-28,7604657401,alisonandersen@yahoo.com,Gimnasia,2025-04-20,Inactivo,2025-07-23
8GDE61HWFSPK6JQGZTF7,Rhonda,Harris,1992-12-20,19600022598088,saraholder@gmail.com,Natación,2024-07-31,Activo,2025-06-24
CLDELY87MXWUCX835OAM,Shannon,Lynch,1988-11-30,92565883630796,cgonzales@richmond-tran.com,Gimnasia,2023-09-21,Inactivo,2025-04-24
74KN2HFKS1Y2QLPD1LTC,Jose,Frederick,1976-10-10,6430647923600,matthewespinoza@hernandez.info,Natación,2022-05-18,Vacaciones,2025-06-12
9S5STPLQ6T7PW54OEJ8L,Melinda,Scott,1970-02-24,001673506519525731,wrodriguez@yahoo.com,Gimnasia,2024-10-23,Activo,2025-10-21
1I56FK3JTP4IR1W59H2W,Erin,Smith,1976-09-04,166919641703828,rhondaelliott@reeves-harding.com,Gimnasia,2020-04-10,Inactivo,2025-05-10
VO79I7LKT4E3MPBWH1RA,Michael,Davis,1979-04-18,1050019824005464,gracehensley@house.com,Baloncesto,2024-07-06,Vacaciones,2025-02-08
NKXB5YRU4CX8ZJIXL23O,Angelica,Keith,1982-01-31,3524831387671,anncastro@clarke.org,Fútbol,2025-11-07,Activo,2025-04-16
9Q24ET305TGSH335FDT8,David,Barron,1981-05-06,8883150184419,archerheather@schneider.info,Natación,2025-09-14,Activo,2025-03-04
392E8NA6ILQPQMRQBAJS,Alexandra,Hansen,1981-01-17,954816356447301,sandra48@salinas.biz,Baloncesto,2020-06-26,Activo,2025-08-28
